,X305273026,X305952560,X300173630,X300173636,X300629315,X300629344,X300629350,X300629358,X300629403,X300629424,X300629432,X301287570,X301287582,X302262300,X301287613,X301287630,X301287636,X301626681,X301626685,X301626689,X301626693,X301287698,X301287708,X301626597,X301626605,X302264000,X304950286,X304950292,X304357555,X303748303,X303748309,X303748328,X303748260,X303748330,X303748264,X303748334,X303748338,X304950300,X303748342,X304357561,X304357565,X304357518,X304950326,X304950249,X304950261,X304357589,X304357591,X304357595,X304357599,X304357603,X304477573,X304477577,X304477581,X304703655,X304950370,X304950374,X304950405,X304950409,X305272792,X305272798,X305272994,X305273000,X305273032,X305273040,X305461070,X305461076,X305461082,X305405292,X305405298,X305405304,X305461103,X305952558,X305461107,X305952566,X306124406,X306124414,X306124418,X306124422,X306124452,X306124460,X306124486,X306124488,X305952554,X304357512,X304703663,X304950380,X305461115,X305272986,X305272988,X306124511,X305461119,X304703661,X304950411,X306124408,X305461111,X304950263,X304477575,X305272990,X303748340,X305273028,X304357569,X304357516,X305273034,X305405306,X304950372,X304357563,X305952564,X305461109,X304950259,X304950407,X305272794,X306124462,X304477583,X305461074,X305461084,X305405302,X305952570,X306124484,X304950336,X304357597,X305272992,X305405290,X306124416,X306124448,X306124454,X303748336,X304950302,X304357567,X304357571,X304950324,X304950330,X305272796,X305461068,X300173640,X300173644,X300629323,X300629356,X300629374,X300629382,X300629401,X300629409,X300629430,X301287572,X301287584,X301287607,X301287638,X301287704,X301287728,X301287734,X301626603,X301626609,X302263998,X303748195,X301287599,X303748305,X303748315,X301287601,X300173638,X300629352,X300629372,X300629399,X300629407,X302262284,X301287609,X301287640,X301626695,X301287706,X301287730,X301626601,X302263996,X302264004,X300629325,X300629386,X303748307,X303748311,X303748317,X301287644,X300173634,X300629309,X300173646,X300629348,X300629376,X300629384,X301287568,X300629422,X300629436,X302262290,X301287632,X301626679,X301287692,X301287700,X301287736,X302264006,X302264008,X302264010,X303748199,X304950290,X304950296,X304357559,X303748201,X301287738,X304477571,X304357587,X305273030,X305405294,X305405300,X304950328,X305952568,X305952562,X305405296,X304950322,X305272800,X305461078,X306124420,X304357522,X305272998,X305273036,X305273042,X305461105,X305952556,X304950415,X305461117,X304477579,X305461072,X306124456,X306124482,X303748344,X304357601,X304703657,X306124458,X300173642,X300629317,X300629321,X300629346,X300629370,X300629360,X300629405,X300629426,X300629434,X302262292,X302262298,X301287611,X301287615,X301287634,X301626683,X301626687,X301626599,X301626607,X302264002,X304950288,X304950294,X304357557,X301287740,X301626595,X303748262,X304357514,X304357520,X306124412,X305272808,X305272996,X304950265,X304357593,X305461113,X303748332,X305272802,X304950376,X306124450,X303748254,X303748266,X305273038
IL10RA,0.094917384,1.862955433,1.20151091,1.236663036,0.822848754,0.181515309,1.024067099,1.701148595,0.474357094,0.766931341,0.883992086,0.632779997,0.66280095,0.945216649,0.739944387,0.8355833,0.892777972,0.501337889,0.177279162,0.355236352,0.345504002,0.0548801,0.57589779,1.559070172,0.757917709,1.171167597,0.448276386,0.796087907,0.100161935,1.38947704,0.518884961,0.518780063,0.864927677,0.25188874,0.696624489,1.45788548,0.426084512,0.804196662,0.84269813,0.671280097,0.355236352,0.056874705,0.140959818,0.579993588,6.4465866,0.494588464,1.128724239,0.490771305,2.154453297,0.508975316,1.696981265,0.235082136,1.891070705,0.211549206,6.990968946,4.69473739,1.977831256,0.709524161,2.275993048,0.698733852,0.584376987,0.617533697,3.107123813,0.733023692,0.355236352,1.364364906,6.191979225,0.98509434,0.888984812,0.01947659,0.200373034,0.167946328,1.208668225,0.380356864,1.38381925,0.211063247,3.680301928,0.341165656,1.878541379,0.108745588,1.436014381,2.990317011,1.639001074,1.039831597,0.224639282,0.863905028,0.590870243,1.026376007,3.735840853,0.520319847,1.200902675,0.557337833,2.580564057,1.612556851,0.310934782,0.742151111,3.071025084,1.512940163,2.245011151,0.211016955,1.008390824,1.421563792,2.488385488,0.388492798,1.922137129,0.585548411,1.792808959,2.119455293,1.806560729,2.730760986,1.275443508,0.446356115,2.319427826,0.741487421,5.75197361,1.873167636,2.397168742,1.44104766,3.285715561,11.3497829,2.392992464,6.266387368,1.301844116,0.967141825,3.233307175,1.876582902,2.587817385,0.60077375,1.132645584,1.621805794,2.359297414,2.505502479,5.012724413,0.112424747,0.643300434,0.090174069,1.012828054,0.339596632,0.302755894,0.691264164,0.539086018,1.592148705,0.870633319,0.359577698,5.168793262,1.223500736,0,0.444916971,0.396576587,1.740955332,0.599600038,0.253869969,0.73936035,0.246702632,0.855315481,1.452238674,0.527785205,0.259409355,1.201893297,0.164720001,0,0.367928245,0.321567568,1.581583064,0.723227583,2.347704474,1.02874517,0.175851352,0.491110475,0.586247359,0.076401018,0.277368086,0.214049787,0.491281166,0.974635609,0.088152276,2.358628011,1.166477147,0.941419926,0.602932447,1.858859184,0.921874805,0.286706596,0.823892384,0.577137779,0.505710859,0.690430688,4.080488997,6.768654579,0.69878904,0.710466636,0.443379628,3.645832794,2.444392973,2.971231839,3.468016432,1.208816499,0.463731547,1.833392609,0.726336402,0.516402251,3.274255963,2.605049306,1.454714026,0.342738384,1.755478025,2.126856323,2.538854267,1.451941787,0.957692021,0.592953611,1.796347073,1.994414378,2.245780455,2.526892078,0.588920819,2.454951986,4.30617546,0.489239498,3.107030661,1.437161551,3.975997242,0.335938259,0.396465894,1.395889122,0.149434346,1.562420069,5.371392985,0.619227067,1.539975678,0.359752178,0.58709075,0.094826685,0.568937801,0.863322849,0.77719957,2.536482173,1.031003115,0.152186412,0.05034603,0.410699554,2.942193022,2.328646093,5.098668179,0.493968856,0.983586425,0.207717022,0.421857098,1.929960753,0.413516912,0.267773173,0.52576711,0.141896752,1.05843994,0.152017716,0.232028901,0.939453653,0.251405823,0.901659926,0.441157635,0.531310479,0.251599784,0.13618368,0.728655297,2.445339061,1.449113956,0.130456181,0.474682041,2.466072355,2.209800048
CSF3,0,0.264785544,0,0,0,0,0,0,0,0,0,0,0,0,0,0,0,0,0,0,0,0,0,0,0,0,0,0,0,0,0,0,0,0,0,0,0,0,0,0,0,0,0,0,0,0.048489065,0,0,0,0,6.508969234,0,0,0,0.132440548,0,0,0,0,0.054588582,0,0,0,0,0,0,0.770430595,0,0,0,0,0,0,0,0.44547606,0,0,0,0.20780325,0,0,0,0,0.099462153,0,0,0,0,0.397429878,0,0,0.091200736,0,2.394695204,0,0,2.319505351,0,0,0,0,0,0,0,0,0.041824886,83.14784601,44.8420795,1.139968802,0,0,0,13.30463281,0,2.7848922,0,0.03591264,0,0,0.196492532,0,0,0,0,3.181296872,0.335478508,0.383786477,0,0,0,0,0,0.093211818,0,0,0,0,0,0,0,0,0,0,0,1.436337854,0,0,0,0,0.051814147,0,0,0,0,0,0,0.115153136,0,0,0,0,0,0,0,0,0,0,0,0,0,0,0,0,0,0,0,0,0,0,0,0,0,0,0,0,0,0,0,0,0,0,0,0,0,0,0,0,0,0,0,0,0,0,0,0.162800732,0.043886951,0.423676558,0.759868355,21.9750944,1.407390884,0.038255072,0.903426014,4.583123949,17.4856651,33.86902986,60.50386517,7.983426538,10.77057729,18.89008061,5.767230826,17.01310238,44.32067514,0.578560334,0,2.128300081,0,35.09828612,11.14438544,16.1943621,50.31760531,0.639559428,0.035581258,0,0.627793435,0.72971336,0.628147598,0.043174165,1.031003115,0.789467011,13.52294366,0.652906984,3.184491271,12.17195687,0.054942545,0,0,0,0,0,0,0,0,1.822827512,0.065470512,0,0,0.950251971,0,0.911568277,3.959389775,0,0.037274042,0,29.07242402,7.853724102,0.099254381,0,41.05515289,23.70745188,0.915772993
KLF6,20.28068098,54.72549793,20.28068098,20.28068098,20.28068098,20.28068098,20.28068098,20.28068098,20.28068098,20.28068098,20.28068098,20.28068098,20.28068098,20.28068098,20.28068098,20.28068098,20.28068098,20.28068098,20.28068098,20.28068098,20.28068098,20.28068098,20.28068098,20.28068098,20.28068098,20.28068098,20.28068098,20.28068098,20.28068098,20.28068098,20.28068098,20.28068098,20.28068098,20.28068098,20.28068098,20.28068098,20.28068098,20.28068098,20.28068098,20.28068098,20.28068098,20.28068098,20.28068098,20.28068098,20.28068098,20.59815486,20.28068098,20.28068098,20.28068098,20.28068098,107.8861651,20.28068098,20.28068098,20.28068098,23.80145855,20.28068098,20.28068098,20.28068098,20.28068098,12.36977272,20.28068098,20.28068098,20.28068098,20.28068098,20.28068098,20.28068098,39.24440289,20.28068098,20.28068098,20.28068098,20.28068098,20.28068098,20.28068098,20.28068098,25.5911779,20.28068098,20.28068098,20.28068098,23.91399799,20.28068098,20.28068098,20.28068098,20.28068098,13.08379409,20.28068098,20.28068098,20.28068098,20.28068098,28.83574559,20.28068098,20.28068098,5.613911988,20.28068098,47.61387923,20.28068098,20.28068098,35.86883074,20.28068098,20.28068098,20.28068098,20.28068098,20.28068098,20.28068098,20.28068098,20.28068098,30.58444824,37.88195202,48.75823039,42.20782793,20.28068098,20.28068098,20.28068098,27.09289099,20.28068098,53.46819511,20.28068098,66.48327542,20.28068098,20.28068098,47.62604696,20.28068098,20.28068098,20.28068098,20.28068098,73.34319574,61.29821356,77.86479342,20.28068098,20.28068098,20.28068098,20.28068098,20.28068098,54.47712895,20.28068098,20.28068098,20.28068098,20.28068098,20.28068098,20.28068098,20.28068098,20.28068098,20.28068098,20.28068098,20.28068098,39.77239747,20.28068098,20.28068098,20.28068098,20.28068098,30.04184231,20.28068098,20.28068098,20.28068098,20.28068098,20.28068098,20.28068098,16.56285935,20.28068098,20.28068098,20.28068098,20.28068098,20.28068098,20.28068098,20.28068098,20.28068098,20.28068098,20.28068098,20.28068098,20.28068098,20.28068098,20.28068098,20.28068098,20.28068098,20.28068098,20.28068098,20.28068098,20.28068098,20.28068098,20.28068098,20.28068098,20.28068098,20.28068098,20.28068098,20.28068098,20.28068098,20.28068098,20.28068098,20.28068098,20.28068098,20.28068098,20.28068098,20.28068098,20.28068098,20.28068098,20.28068098,20.28068098,20.28068098,20.28068098,20.28068098,20.28068098,20.28068098,20.28068098,20.28068098,20.28068098,34.31668066,42.14024998,53.13751395,41.26532146,33.20760111,63.39088406,34.69734999,27.5124736,54.1211538,54.6380825,96.80274114,69.43066495,42.07246455,34.02803568,20.83797861,45.10909733,31.9065922,70.08369799,16.38632173,20.28068098,48.63208769,20.28068098,52.57083996,46.6256991,103.799249,52.34157335,35.91525912,41.10524784,20.28068098,108.058945,60.90537145,75.59064314,39.73102501,63.24932796,30.68458526,67.99734814,81.70814978,103.8421066,96.54319213,144.3230773,20.28068098,20.28068098,20.28068098,20.28068098,20.28068098,20.28068098,20.28068098,20.28068098,50.9627644,77.71349743,20.28068098,20.28068098,75.68540979,20.28068098,45.78648923,132.3583195,20.28068098,60.84987357,20.28068098,26.68354146,40.7776811,48.13837457,20.28068098,145.9501967,142.8871335,83.32538828
LIF,0,6.874967513,0,0,0,0,0,0,0,0,0,0,0,0,0,0,0,0,0,0,0,0,0,0,0,0,0,0,0,0,0,0,0,0,0,0,0,0,0,0,0,0,0,0,0,0,0,0,0,0,2.382747666,0,0,0,0.122980509,0,0,0,0,0,0,0,0,0,0,0,0.199741265,0,0,0,0,0,0,0,0.483388916,0,0,0,0.20780325,0,0,0,0,0,0,0,0,0,1.050981233,0,0,0.111467567,0,3.64997898,0,0,4.722512894,0,0,0,0,0,0,0,0,0.982884832,52.49790302,17.09550488,2.125365563,0,0,0,9.307321023,0,2.611378668,0,1.849500977,0,0,0.654975105,0,0,0,0,9.70858991,0.314511101,1.929897711,0,0,0,0,0,4.329171084,0,0,0,0,0,0,0,0,0,0,0,7.343530154,0,0,0,0,0.383424686,0,0,0,0,0,0,0.249498461,0,0,0,0,0,0,0,0,0,0,0,0,0,0,0,0,0,0,0,0,0,0,0,0,0,0,0,0,0,0,0,0,0,0,0,0,0,0,0,0,0,0,0,0,0,0,0,0.591223712,0.921625963,2.220065166,4.568149755,18.77725943,0.541304186,1.185907221,5.000357936,6.013461533,14.02919642,13.11164172,87.55289505,22.80012494,24.91209861,17.78476175,13.98683368,11.42503289,48.17073582,0.298611785,0,8.116836747,0,17.13556128,29.97940084,24.01341574,51.35598891,1.918678283,3.140045983,0,4.473028225,0.647492137,1.245648626,1.467921598,2.268206854,1.188956341,8.881039695,3.685765231,21.36839795,20.83407036,2.966897432,0,0,0,0,0,0,0,0,5.02096201,2.236909151,0,0,2.818360958,0,5.974735556,17.07280048,0,1.500280191,0,7.803068122,7.941844428,1.171201691,0,27.34749802,44.65870525,21.64011398
CAPG,27.23074274,193.1326843,27.23074274,27.23074274,27.23074274,27.23074274,27.23074274,27.23074274,27.23074274,27.23074274,27.23074274,27.23074274,27.23074274,27.23074274,27.23074274,27.23074274,27.23074274,27.23074274,27.23074274,27.23074274,27.23074274,27.23074274,27.23074274,27.23074274,27.23074274,27.23074274,27.23074274,27.23074274,27.23074274,27.23074274,27.23074274,27.23074274,27.23074274,27.23074274,27.23074274,27.23074274,27.23074274,27.23074274,27.23074274,27.23074274,27.23074274,27.23074274,27.23074274,27.23074274,27.23074274,27.23074274,27.23074274,27.23074274,27.23074274,27.23074274,61.66086033,27.23074274,27.23074274,27.23074274,139.6490982,27.23074274,27.23074274,27.23074274,27.23074274,27.23074274,27.23074274,27.23074274,27.23074274,27.23074274,27.23074274,27.23074274,164.4631533,27.23074274,27.23074274,27.23074274,27.23074274,27.23074274,27.23074274,27.23074274,41.050145,27.23074274,27.23074274,27.23074274,17.89601588,27.23074274,27.23074274,27.23074274,27.23074274,27.23074274,27.23074274,27.23074274,27.23074274,27.23074274,85.359106,27.23074274,27.23074274,11.76489498,27.23074274,31.62349513,27.23074274,27.23074274,71.84899775,27.23074274,27.23074274,27.23074274,27.23074274,27.23074274,27.23074274,27.23074274,27.23074274,53.48357359,16.53030633,38.18247124,61.36510026,27.23074274,27.23074274,27.23074274,190.5780081,27.23074274,58.39597944,27.23074274,88.11166307,27.23074274,27.23074274,162.4151126,27.23074274,27.23074274,27.23074274,27.23074274,34.38747873,45.04847335,36.21847806,27.23074274,27.23074274,27.23074274,27.23074274,27.23074274,79.89288455,27.23074274,27.23074274,27.23074274,27.23074274,27.23074274,27.23074274,27.23074274,27.23074274,27.23074274,27.23074274,27.23074274,148.7722335,27.23074274,27.23074274,27.23074274,27.23074274,198.7797928,27.23074274,27.23074274,27.23074274,27.23074274,27.23074274,27.23074274,40.78340223,27.23074274,27.23074274,27.23074274,27.23074274,27.23074274,27.23074274,27.23074274,27.23074274,27.23074274,27.23074274,27.23074274,27.23074274,27.23074274,27.23074274,27.23074274,27.23074274,27.23074274,27.23074274,27.23074274,27.23074274,27.23074274,27.23074274,27.23074274,27.23074274,27.23074274,27.23074274,27.23074274,27.23074274,27.23074274,27.23074274,27.23074274,27.23074274,27.23074274,27.23074274,27.23074274,27.23074274,27.23074274,27.23074274,27.23074274,27.23074274,27.23074274,27.23074274,27.23074274,27.23074274,27.23074274,27.23074274,27.23074274,27.67612448,91.52184681,127.9587942,116.0363675,20.38953834,68.12104987,37.5569166,87.8844422,89.40617181,180.8916084,58.96443015,83.24447433,77.97855365,169.1741152,64.49807381,166.1897705,81.81383354,120.1164959,27.88287546,27.23074274,18.90481935,27.23074274,128.0878099,231.0702982,99.3177243,30.64991593,61.70749167,33.65097437,27.23074274,82.4175069,53.33074122,41.87295767,48.00967108,28.28204336,8.398787595,23.6525649,27.84332363,89.66189008,102.2354381,130.9720388,27.23074274,27.23074274,27.23074274,27.23074274,27.23074274,27.23074274,27.23074274,27.23074274,11.20984344,130.5154651,27.23074274,27.23074274,67.24112523,27.23074274,112.5390488,50.32505723,27.23074274,173.902043,27.23074274,101.8826129,116.0654851,70.59964089,27.23074274,77.53785836,114.4651315,116.6017917
CCL2,32.8625075,2166.617169,32.8625075,32.8625075,32.8625075,32.8625075,32.8625075,32.8625075,32.8625075,32.8625075,32.8625075,32.8625075,32.8625075,32.8625075,32.8625075,32.8625075,32.8625075,32.8625075,32.8625075,32.8625075,32.8625075,32.8625075,32.8625075,32.8625075,32.8625075,32.8625075,32.8625075,32.8625075,32.8625075,32.8625075,32.8625075,32.8625075,32.8625075,32.8625075,32.8625075,32.8625075,32.8625075,32.8625075,32.8625075,32.8625075,32.8625075,32.8625075,32.8625075,32.8625075,32.8625075,32.8625075,32.8625075,32.8625075,32.8625075,32.8625075,139.687129,32.8625075,32.8625075,32.8625075,952.8813654,32.8625075,32.8625075,32.8625075,32.8625075,32.8625075,32.8625075,32.8625075,32.8625075,32.8625075,32.8625075,32.8625075,786.9996083,32.8625075,32.8625075,32.8625075,32.8625075,32.8625075,32.8625075,32.8625075,266.1292938,32.8625075,32.8625075,32.8625075,179.1264014,32.8625075,32.8625075,32.8625075,32.8625075,32.8625075,32.8625075,32.8625075,32.8625075,32.8625075,184.3191456,32.8625075,32.8625075,44.23235709,32.8625075,257.9511599,32.8625075,32.8625075,237.3039534,32.8625075,32.8625075,32.8625075,32.8625075,32.8625075,32.8625075,32.8625075,32.8625075,1116.295764,1100.804959,1158.599698,758.9390604,32.8625075,32.8625075,32.8625075,3142.962883,32.8625075,380.1941773,32.8625075,432.5677529,32.8625075,32.8625075,201.5545535,32.8625075,32.8625075,32.8625075,32.8625075,460.2305037,100.5701664,715.3231656,32.8625075,32.8625075,32.8625075,32.8625075,32.8625075,898.4997804,32.8625075,32.8625075,32.8625075,32.8625075,32.8625075,32.8625075,32.8625075,32.8625075,32.8625075,32.8625075,32.8625075,1610.954054,32.8625075,32.8625075,32.8625075,32.8625075,280.6254191,32.8625075,32.8625075,32.8625075,32.8625075,32.8625075,32.8625075,162.6921886,32.8625075,32.8625075,32.8625075,32.8625075,32.8625075,32.8625075,32.8625075,32.8625075,32.8625075,32.8625075,32.8625075,32.8625075,32.8625075,32.8625075,32.8625075,32.8625075,32.8625075,32.8625075,32.8625075,32.8625075,32.8625075,32.8625075,32.8625075,32.8625075,32.8625075,32.8625075,32.8625075,32.8625075,32.8625075,32.8625075,32.8625075,32.8625075,32.8625075,32.8625075,32.8625075,32.8625075,32.8625075,32.8625075,32.8625075,32.8625075,32.8625075,32.8625075,32.8625075,32.8625075,32.8625075,32.8625075,32.8625075,23.55469542,482.8793402,372.8692655,1148.062748,360.7941726,25.12484199,360.7644533,1894.473845,3375.264296,1161.613767,1570.165188,8064.785011,1309.136975,1616.61432,2007.31342,1645.385759,1282.518151,1663.289181,6.56945928,32.8625075,292.9902335,32.8625075,1983.813952,1593.516599,2289.450392,1867.937699,131.2096139,56.4674558,32.8625075,598.0517211,173.3223396,87.66385291,373.9962012,128.2350822,89.81851785,598.5740201,665.7123852,879.6234094,1223.821642,253.3510636,32.8625075,32.8625075,32.8625075,32.8625075,32.8625075,32.8625075,32.8625075,32.8625075,594.7547803,168.6083912,32.8625075,32.8625075,552.3123612,32.8625075,725.5687152,1033.886005,32.8625075,190.0323846,32.8625075,1154.494366,845.8559993,83.36375423,32.8625075,641.7313705,1915.330011,1227.384662
G0S2,0.833163701,2.969380741,0.833163701,0.833163701,0.833163701,0.833163701,0.833163701,0.833163701,0.833163701,0.833163701,0.833163701,0.833163701,0.833163701,0.833163701,0.833163701,0.833163701,0.833163701,0.833163701,0.833163701,0.833163701,0.833163701,0.833163701,0.833163701,0.833163701,0.833163701,0.833163701,0.833163701,0.833163701,0.833163701,0.833163701,0.833163701,0.833163701,0.833163701,0.833163701,0.833163701,0.833163701,0.833163701,0.833163701,0.833163701,0.833163701,0.833163701,0.833163701,0.833163701,0.833163701,0.833163701,0.833163701,0.833163701,0.833163701,0.833163701,0.833163701,69.32052234,0.833163701,0.833163701,0.833163701,0.321641332,0.833163701,0.833163701,0.833163701,0.833163701,0.833163701,0.833163701,0.833163701,0.833163701,0.833163701,0.833163701,0.833163701,8.465225054,0.833163701,0.833163701,0.833163701,0.833163701,0.833163701,0.833163701,0.833163701,2.047294232,0.833163701,0.833163701,0.833163701,0.34910946,0.833163701,0.833163701,0.833163701,0.833163701,0.833163701,0.833163701,0.833163701,0.833163701,0.833163701,2.676027845,0.833163701,0.833163701,3.526428469,0.833163701,14.57094783,0.833163701,0.833163701,6.160606212,0.833163701,0.833163701,0.833163701,0.833163701,0.833163701,0.833163701,0.833163701,0.833163701,2.415387195,10.80749807,26.68146765,21.48551369,0.833163701,0.833163701,0.833163701,7.234640837,0.833163701,17.12578568,0.833163701,4.866162766,0.833163701,0.833163701,1.394161296,0.833163701,0.833163701,0.833163701,0.833163701,7.610841019,6.751504965,2.631678696,0.833163701,0.833163701,0.833163701,0.833163701,0.833163701,11.18541811,0.833163701,0.833163701,0.833163701,0.833163701,0.833163701,0.833163701,0.833163701,0.833163701,0.833163701,0.833163701,0.833163701,10.7725339,0.833163701,0.833163701,0.833163701,0.833163701,9.098564178,0.833163701,0.833163701,0.833163701,0.833163701,0.833163701,0.833163701,1.458606386,0.833163701,0.833163701,0.833163701,0.833163701,0.833163701,0.833163701,0.833163701,0.833163701,0.833163701,0.833163701,0.833163701,0.833163701,0.833163701,0.833163701,0.833163701,0.833163701,0.833163701,0.833163701,0.833163701,0.833163701,0.833163701,0.833163701,0.833163701,0.833163701,0.833163701,0.833163701,0.833163701,0.833163701,0.833163701,0.833163701,0.833163701,0.833163701,0.833163701,0.833163701,0.833163701,0.833163701,0.833163701,0.833163701,0.833163701,0.833163701,0.833163701,0.833163701,0.833163701,0.833163701,0.833163701,0.833163701,0.833163701,17.77955365,39.64747118,5.897577693,19.3006562,4.471624398,46.45222692,4.351514401,39.72973469,8.330205508,3.641306581,27.70905261,34.99429497,35.51948248,116.6572736,5.281974579,34.32281697,16.9488717,36.33269878,3.014112709,0.833163701,5.936837069,0.833163701,223.9673003,26.61600524,24.30728622,24.48121336,4.277053674,2.917663123,0.833163701,13.84088339,6.690752078,4.971947936,31.46317248,7.162758486,1.883306845,6.565122314,2.200928381,27.49508224,29.63117782,58.16217817,0.833163701,0.833163701,0.833163701,0.833163701,0.833163701,0.833163701,0.833163701,0.833163701,3.383691789,27.6394677,0.833163701,0.833163701,15.76554406,0.833163701,4.617291491,13.12443965,0.833163701,13.49320321,0.833163701,25.67818162,63.58983063,20.54565678,0.833163701,35.7755261,121.9462418,27.513006
ICAM1,0.137102888,52.53156057,0.137102888,0.137102888,0.137102888,0.137102888,0.137102888,0.137102888,0.137102888,0.137102888,0.137102888,0.137102888,0.137102888,0.137102888,0.137102888,0.137102888,0.137102888,0.137102888,0.137102888,0.137102888,0.137102888,0.137102888,0.137102888,0.137102888,0.137102888,0.137102888,0.137102888,0.137102888,0.137102888,0.137102888,0.137102888,0.137102888,0.137102888,0.137102888,0.137102888,0.137102888,0.137102888,0.137102888,0.137102888,0.137102888,0.137102888,0.137102888,0.137102888,0.137102888,0.137102888,0.137102888,0.137102888,0.137102888,0.137102888,0.137102888,29.56931738,0.137102888,0.137102888,0.137102888,9.611399796,0.137102888,0.137102888,0.137102888,0.137102888,0.137102888,0.137102888,0.137102888,0.137102888,0.137102888,0.137102888,0.137102888,10.17729304,0.137102888,0.137102888,0.137102888,0.137102888,0.137102888,0.137102888,0.137102888,10.27438402,0.137102888,0.137102888,0.137102888,7.539101905,0.137102888,0.137102888,0.137102888,0.137102888,0.137102888,0.137102888,0.137102888,0.137102888,0.137102888,12.69126077,0.137102888,0.137102888,2.310418652,0.137102888,7.19374164,0.137102888,0.137102888,9.157407125,0.137102888,0.137102888,0.137102888,0.137102888,0.137102888,0.137102888,0.137102888,0.137102888,2.436299638,43.54398709,36.3212237,9.573805787,0.137102888,0.137102888,0.137102888,44.69093276,0.137102888,11.18294719,0.137102888,3.402722672,0.137102888,0.137102888,9.356787221,0.137102888,0.137102888,0.137102888,0.137102888,20.96882053,1.876582902,12.25923659,0.137102888,0.137102888,0.137102888,0.137102888,0.137102888,8.917263884,0.137102888,0.137102888,0.137102888,0.137102888,0.137102888,0.137102888,0.137102888,0.137102888,0.137102888,0.137102888,0.137102888,24.74142528,0.137102888,0.137102888,0.137102888,0.137102888,3.24356559,0.137102888,0.137102888,0.137102888,0.137102888,0.137102888,0.137102888,2.207101768,0.137102888,0.137102888,0.137102888,0.137102888,0.137102888,0.137102888,0.137102888,0.137102888,0.137102888,0.137102888,0.137102888,0.137102888,0.137102888,0.137102888,0.137102888,0.137102888,0.137102888,0.137102888,0.137102888,0.137102888,0.137102888,0.137102888,0.137102888,0.137102888,0.137102888,0.137102888,0.137102888,0.137102888,0.137102888,0.137102888,0.137102888,0.137102888,0.137102888,0.137102888,0.137102888,0.137102888,0.137102888,0.137102888,0.137102888,0.137102888,0.137102888,0.137102888,0.137102888,0.137102888,0.137102888,0.137102888,0.137102888,13.73524073,14.40369719,15.04899135,19.07716551,36.9933389,15.93099858,14.99598809,18.68831254,26.03818771,31.42244257,40.11576736,94.56828516,38.55434438,32.57894083,76.71094127,58.53479503,22.48073934,39.34618085,6.205526166,0.137102888,35.56932282,0.137102888,61.17946818,96.51439394,51.12296682,159.3478833,15.929027,11.46606026,0.137102888,38.97223934,17.30756759,9.177342872,5.29962871,5.947260076,2.092563161,25.57578325,17.83910372,60.8514745,107.2864628,29.89973301,0.137102888,0.137102888,0.137102888,0.137102888,0.137102888,0.137102888,0.137102888,0.137102888,14.81183793,23.711237,0.137102888,0.137102888,21.59663569,0.137102888,28.30815835,70.87197409,0.137102888,25.81227409,0.137102888,62.1662874,22.17327716,5.061973408,0.137102888,62.59021775,103.7822719,49.36215512
IL6,0,8.36911451,0,0,0,0,0,0,0,0,0,0,0,0,0,0,0,0,0,0,0,0,0,0,0,0,0,0,0,0,0,0,0,0,0,0,0,0,0,0,0,0,0,0,0,0,0,0,0,0,16.23755361,0,0,0,0.709502938,0,0,0,0,0,0,0,0,0,0,0,12.72637205,0,0,0,0,0,0,0,0.312781063,0,0,0,2.069720369,0,0,0,0,0,0,0,0,0,5.740653792,0,0,0.111467567,0,5.26253583,0,0,19.1591142,0,0,0,0,0,0,0,0,1.474327249,458.3614905,32.32976221,5.419682186,0,0,0,9.978474606,0,13.8897583,0,0,0,0,1.422231658,0,0,0,0,73.73327301,6.898276812,43.78455431,0,0,0,0,0,31.41238253,0,0,0,0,0,0,0,0,0,0,0,18.72296738,0,0,0,0,0,0,0,0,0,0,0,0.431824259,0,0,0,0,0,0,0,0,0,0,0,0,0,0,0,0,0,0,0,0,0,0,0,0,0,0,0,0,0,0,0,0,0,0,0,0,0,0,0,0,0,0,0,0,0,0,0,0,4.458914182,4.914648077,2.512035384,112.3428823,0.416387835,1.453692723,36.42067429,22.70409095,9.472942247,35.88620551,333.9284362,16.67241014,84.97245515,271.3557815,67.79353858,19.58232974,45.27419484,0,0,29.25335537,0,346.3262366,35.27047393,12.31107372,178.6107791,0.029979348,1.200867444,0,4.620167311,1.593036209,1.245648626,6.378982826,4.351918413,2.501564142,63.59710512,29.03329926,20.47997103,64.1108893,30.80079074,0,0,0,0,0,0,0,0,43.04929167,0.960234172,0,0,4.589285085,0,2.526629464,9.142991988,0,0.055911063,0,40.8969315,64.19565787,2.511135828,0,12.49673129,95.26499677,13.35834083
LCP1,5.589579261,6.553442209,5.589579261,5.589579261,5.589579261,5.589579261,5.589579261,5.589579261,5.589579261,5.589579261,5.589579261,5.589579261,5.589579261,5.589579261,5.589579261,5.589579261,5.589579261,5.589579261,5.589579261,5.589579261,5.589579261,5.589579261,5.589579261,5.589579261,5.589579261,5.589579261,5.589579261,5.589579261,5.589579261,5.589579261,5.589579261,5.589579261,5.589579261,5.589579261,5.589579261,5.589579261,5.589579261,5.589579261,5.589579261,5.589579261,5.589579261,5.589579261,5.589579261,5.589579261,5.589579261,5.589579261,5.589579261,5.589579261,5.589579261,5.589579261,6.253259728,5.589579261,5.589579261,5.589579261,6.555807144,5.589579261,5.589579261,5.589579261,5.589579261,5.589579261,5.589579261,5.589579261,5.589579261,5.589579261,5.589579261,5.589579261,11.26160277,5.589579261,5.589579261,5.589579261,5.589579261,5.589579261,5.589579261,5.589579261,4.075632037,5.589579261,5.589579261,5.589579261,7.339610785,5.589579261,5.589579261,5.589579261,5.589579261,5.589579261,5.589579261,5.589579261,5.589579261,5.589579261,5.511027641,5.589579261,5.589579261,1.742947404,5.589579261,3.930003822,5.589579261,5.589579261,7.440973165,5.589579261,5.589579261,5.589579261,5.589579261,5.589579261,5.589579261,5.589579261,5.589579261,3.408728249,20.89584679,11.13520928,4.801394022,5.589579261,5.589579261,5.589579261,17.73622044,5.589579261,8.259244158,5.589579261,5.589579261,5.589579261,5.589579261,18.29251902,5.589579261,5.589579261,5.589579261,5.589579261,11.99704325,8.271641953,9.309563388,5.589579261,5.589579261,5.589579261,5.589579261,5.589579261,14.4892592,5.589579261,5.589579261,5.589579261,5.589579261,5.589579261,5.589579261,5.589579261,5.589579261,5.589579261,5.589579261,5.589579261,13.04842135,5.589579261,5.589579261,5.589579261,5.589579261,5.589579261,5.589579261,5.589579261,5.589579261,5.589579261,5.589579261,5.589579261,5.901598205,5.589579261,5.589579261,5.589579261,5.589579261,5.589579261,5.589579261,5.589579261,5.589579261,5.589579261,5.589579261,5.589579261,5.589579261,5.589579261,5.589579261,5.589579261,5.589579261,5.589579261,5.589579261,5.589579261,5.589579261,5.589579261,5.589579261,5.589579261,5.589579261,5.589579261,5.589579261,5.589579261,5.589579261,5.589579261,5.589579261,5.589579261,5.589579261,5.589579261,5.589579261,5.589579261,5.589579261,5.589579261,5.589579261,5.589579261,5.589579261,5.589579261,5.589579261,5.589579261,5.589579261,5.589579261,5.589579261,5.589579261,5.589579261,8.470181468,6.499198406,11.6840934,8.070302201,3.597590898,2.467452122,14.52835089,14.01126464,6.238279041,11.78854802,12.68762746,20.2775168,19.01294654,15.13018447,14.68305794,5.138454707,27.39120272,5.589579261,5.589579261,10.27960323,5.589579261,16.85984009,16.88725794,8.816114172,20.97006881,4.806688825,2.44621146,5.589579261,4.365126228,3.833564555,5.216819034,6.605647191,7.586012397,2.939100076,3.916921135,7.23463061,11.74569606,11.57573348,18.32883302,5.589579261,5.589579261,5.589579261,5.589579261,5.589579261,5.589579261,5.589579261,5.589579261,2.947086397,14.7636004,5.589579261,5.589579261,5.409957241,5.589579261,5.063167279,6.518104059,5.589579261,7.454808401,5.589579261,5.746231016,30.34643745,7.066911896,5.589579261,3.18715085,14.40269148,18.4150004
MAP2K3,2.067089689,9.106731382,2.067089689,2.067089689,2.067089689,2.067089689,2.067089689,2.067089689,2.067089689,2.067089689,2.067089689,2.067089689,2.067089689,2.067089689,2.067089689,2.067089689,2.067089689,2.067089689,2.067089689,2.067089689,2.067089689,2.067089689,2.067089689,2.067089689,2.067089689,2.067089689,2.067089689,2.067089689,2.067089689,2.067089689,2.067089689,2.067089689,2.067089689,2.067089689,2.067089689,2.067089689,2.067089689,2.067089689,2.067089689,2.067089689,2.067089689,2.067089689,2.067089689,2.067089689,2.067089689,2.067089689,2.067089689,2.067089689,2.067089689,2.067089689,6.322998684,2.067089689,2.067089689,2.067089689,5.439522522,2.067089689,2.067089689,2.067089689,2.067089689,2.067089689,2.067089689,2.067089689,2.067089689,2.067089689,2.067089689,2.067089689,6.410743468,2.067089689,2.067089689,2.067089689,2.067089689,2.067089689,2.067089689,2.067089689,4.729628805,2.067089689,2.067089689,2.067089689,2.377269178,2.067089689,2.067089689,2.067089689,2.067089689,2.067089689,2.067089689,2.067089689,2.067089689,2.067089689,5.193083738,2.067089689,2.067089689,3.009624297,2.067089689,7.560670743,2.067089689,2.067089689,11.12434766,2.067089689,2.067089689,2.067089689,2.067089689,2.067089689,2.067089689,2.067089689,2.067089689,8.082659313,8.194251118,10.89851884,6.849473565,2.067089689,2.067089689,2.067089689,4.806644049,2.067089689,13.91578533,2.067089689,2.067089689,2.067089689,2.067089689,6.662032502,2.067089689,2.067089689,2.067089689,2.067089689,12.8812184,7.632136047,11.93027676,2.067089689,2.067089689,2.067089689,2.067089689,2.067089689,6.876960765,2.067089689,2.067089689,2.067089689,2.067089689,2.067089689,2.067089689,2.067089689,2.067089689,2.067089689,2.067089689,2.067089689,8.253885131,2.067089689,2.067089689,2.067089689,2.067089689,2.067089689,2.067089689,2.067089689,2.067089689,2.067089689,2.067089689,2.067089689,4.404607441,2.067089689,2.067089689,2.067089689,2.067089689,2.067089689,2.067089689,2.067089689,2.067089689,2.067089689,2.067089689,2.067089689,2.067089689,2.067089689,2.067089689,2.067089689,2.067089689,2.067089689,2.067089689,2.067089689,2.067089689,2.067089689,2.067089689,2.067089689,2.067089689,2.067089689,2.067089689,2.067089689,2.067089689,2.067089689,2.067089689,2.067089689,2.067089689,2.067089689,2.067089689,2.067089689,2.067089689,2.067089689,2.067089689,2.067089689,2.067089689,2.067089689,2.067089689,2.067089689,2.067089689,2.067089689,2.067089689,2.067089689,2.067089689,5.134773222,3.296203624,5.998490187,5.540538597,6.745482933,5.709569445,10.86212207,6.547319928,8.85373529,14.30459507,7.903937304,8.225055671,9.208432488,10.2287295,17.22895263,14.62050941,11.13639046,2.067089689,2.067089689,6.393516843,2.067089689,13.39800739,22.92129006,13.12971289,12.17020779,7.444871465,11.51943215,2.067089689,6.130795264,2.918853441,2.821340906,2.60124342,2.778282079,0.275837871,6.484568666,4.106995543,8.353520579,4.702290178,4.131679386,2.067089689,2.067089689,2.067089689,2.067089689,2.067089689,2.067089689,2.067089689,2.067089689,4.15866636,7.169021035,2.067089689,2.067089689,8.72504082,2.067089689,5.608126575,7.874663787,2.067089689,9.271917948,2.067089689,6.539450707,9.461920061,2.55083758,2.067089689,14.15327475,8.413658623,19.57962475
NCF2,2.467851976,3.357102431,2.467851976,2.467851976,2.467851976,2.467851976,2.467851976,2.467851976,2.467851976,2.467851976,2.467851976,2.467851976,2.467851976,2.467851976,2.467851976,2.467851976,2.467851976,2.467851976,2.467851976,2.467851976,2.467851976,2.467851976,2.467851976,2.467851976,2.467851976,2.467851976,2.467851976,2.467851976,2.467851976,2.467851976,2.467851976,2.467851976,2.467851976,2.467851976,2.467851976,2.467851976,2.467851976,2.467851976,2.467851976,2.467851976,2.467851976,2.467851976,2.467851976,2.467851976,2.467851976,2.467851976,2.467851976,2.467851976,2.467851976,2.467851976,8.868470581,2.467851976,2.467851976,2.467851976,7.05718922,2.467851976,2.467851976,2.467851976,2.467851976,2.467851976,2.467851976,2.467851976,2.467851976,2.467851976,2.467851976,2.467851976,5.811519672,2.467851976,2.467851976,2.467851976,2.467851976,2.467851976,2.467851976,2.467851976,1.544948888,2.467851976,2.467851976,2.467851976,1.138761809,2.467851976,2.467851976,2.467851976,2.467851976,2.467851976,2.467851976,2.467851976,2.467851976,2.467851976,3.788831503,2.467851976,2.467851976,1.590946177,2.467851976,2.93543283,2.467851976,2.467851976,3.664818454,2.467851976,2.467851976,2.467851976,2.467851976,2.467851976,2.467851976,2.467851976,2.467851976,1.024709719,6.867369911,6.455193786,4.675804239,2.467851976,2.467851976,2.467851976,9.741596871,2.467851976,7.114054842,2.467851976,2.467851976,2.467851976,2.467851976,6.418756034,2.467851976,2.467851976,2.467851976,2.467851976,3.172628488,6.887793109,13.00487889,2.467851976,2.467851976,2.467851976,2.467851976,2.467851976,6.100195618,2.467851976,2.467851976,2.467851976,2.467851976,2.467851976,2.467851976,2.467851976,2.467851976,2.467851976,2.467851976,2.467851976,12.65393419,2.467851976,2.467851976,2.467851976,2.467851976,2.467851976,2.467851976,2.467851976,2.467851976,2.467851976,2.467851976,2.467851976,3.253076084,2.467851976,2.467851976,2.467851976,2.467851976,2.467851976,2.467851976,2.467851976,2.467851976,2.467851976,2.467851976,2.467851976,2.467851976,2.467851976,2.467851976,2.467851976,2.467851976,2.467851976,2.467851976,2.467851976,2.467851976,2.467851976,2.467851976,2.467851976,2.467851976,2.467851976,2.467851976,2.467851976,2.467851976,2.467851976,2.467851976,2.467851976,2.467851976,2.467851976,2.467851976,2.467851976,2.467851976,2.467851976,2.467851976,2.467851976,2.467851976,2.467851976,2.467851976,2.467851976,2.467851976,2.467851976,2.467851976,2.467851976,2.467851976,6.583042592,4.880753953,4.398296829,3.304726398,4.671871513,4.475843384,8.918705646,12.81260146,3.225421311,11.38728189,12.70829135,18.58611287,24.59350329,9.748549995,14.42327277,3.669177814,25.51114972,2.467851976,2.467851976,2.765928446,2.467851976,5.779933064,18.373176,3.788830019,3.607943018,5.226399699,1.752376937,2.467851976,6.209269444,5.138826481,2.906513462,13.23288146,9.941040565,3.833195244,2.044048819,5.612893908,18.14929264,18.3029333,34.09734345,2.467851976,2.467851976,2.467851976,2.467851976,2.467851976,2.467851976,2.467851976,2.467851976,1.517203738,14.34895382,2.467851976,2.467851976,10.96029261,2.467851976,3.111222163,6.893088049,2.467851976,14.22936553,2.467851976,5.248162838,20.14650965,8.764161803,2.467851976,1.269047907,23.98721639,18.63398959
OLFML3,23.95081981,34.59233997,23.95081981,23.95081981,23.95081981,23.95081981,23.95081981,23.95081981,23.95081981,23.95081981,23.95081981,23.95081981,23.95081981,23.95081981,23.95081981,23.95081981,23.95081981,23.95081981,23.95081981,23.95081981,23.95081981,23.95081981,23.95081981,23.95081981,23.95081981,23.95081981,23.95081981,23.95081981,23.95081981,23.95081981,23.95081981,23.95081981,23.95081981,23.95081981,23.95081981,23.95081981,23.95081981,23.95081981,23.95081981,23.95081981,23.95081981,23.95081981,23.95081981,23.95081981,23.95081981,23.95081981,23.95081981,23.95081981,23.95081981,23.95081981,3.033644589,23.95081981,23.95081981,23.95081981,32.94931643,23.95081981,23.95081981,23.95081981,23.95081981,23.95081981,23.95081981,23.95081981,23.95081981,23.95081981,23.95081981,23.95081981,33.58506704,23.95081981,23.95081981,23.95081981,23.95081981,23.95081981,23.95081981,23.95081981,6.975965532,23.95081981,23.95081981,23.95081981,8.794233534,23.95081981,23.95081981,23.95081981,23.95081981,23.95081981,23.95081981,23.95081981,23.95081981,23.95081981,8.151728385,23.95081981,23.95081981,4.570170229,23.95081981,9.0090751,23.95081981,23.95081981,22.20230522,23.95081981,23.95081981,23.95081981,23.95081981,23.95081981,23.95081981,23.95081981,23.95081981,6.346926524,9.926286892,8.994236675,14.46214658,23.95081981,23.95081981,23.95081981,21.09198836,23.95081981,129.6579873,23.95081981,23.95081981,23.95081981,23.95081981,50.24594738,23.95081981,23.95081981,23.95081981,23.95081981,57.27201209,104.6692944,69.89300004,23.95081981,23.95081981,23.95081981,23.95081981,23.95081981,80.51429667,23.95081981,23.95081981,23.95081981,23.95081981,23.95081981,23.95081981,23.95081981,23.95081981,23.95081981,23.95081981,23.95081981,50.84838303,23.95081981,23.95081981,23.95081981,23.95081981,23.95081981,23.95081981,23.95081981,23.95081981,23.95081981,23.95081981,23.95081981,20.73716052,23.95081981,23.95081981,23.95081981,23.95081981,23.95081981,23.95081981,23.95081981,23.95081981,23.95081981,23.95081981,23.95081981,23.95081981,23.95081981,23.95081981,23.95081981,23.95081981,23.95081981,23.95081981,23.95081981,23.95081981,23.95081981,23.95081981,23.95081981,23.95081981,23.95081981,23.95081981,23.95081981,23.95081981,23.95081981,23.95081981,23.95081981,23.95081981,23.95081981,23.95081981,23.95081981,23.95081981,23.95081981,23.95081981,23.95081981,23.95081981,23.95081981,23.95081981,23.95081981,23.95081981,23.95081981,23.95081981,23.95081981,23.95081981,10.97173765,15.62519147,20.87403068,6.048272842,6.379061638,7.239772311,19.8753723,5.207637542,11.92204439,14.85769162,7.841945639,13.39591911,12.72325828,6.260453575,18.3823988,9.176958953,1.655166273,23.95081981,23.95081981,10.06418824,23.95081981,15.17487727,20.19041363,6.968928345,6.775892985,3.387666344,2.561850547,23.95081981,6.994011237,8.992946342,1.266941765,3.594249207,6.120902706,5.944781706,2.668339591,1.684921248,6.761274944,10.84451611,6.977703219,23.95081981,23.95081981,23.95081981,23.95081981,23.95081981,23.95081981,23.95081981,23.95081981,1.713676164,10.25704684,23.95081981,23.95081981,4.038570875,23.95081981,14.51573398,2.161672412,23.95081981,7.585267548,23.95081981,1.411193171,16.59966651,6.868403134,23.95081981,6.7133603,7.926661141,15.88667061
S100A4,15.95666683,184.2907385,15.95666683,15.95666683,15.95666683,15.95666683,15.95666683,15.95666683,15.95666683,15.95666683,15.95666683,15.95666683,15.95666683,15.95666683,15.95666683,15.95666683,15.95666683,15.95666683,15.95666683,15.95666683,15.95666683,15.95666683,15.95666683,15.95666683,15.95666683,15.95666683,15.95666683,15.95666683,15.95666683,15.95666683,15.95666683,15.95666683,15.95666683,15.95666683,15.95666683,15.95666683,15.95666683,15.95666683,15.95666683,15.95666683,15.95666683,15.95666683,15.95666683,15.95666683,15.95666683,15.95666683,15.95666683,15.95666683,15.95666683,15.95666683,45.46979936,15.95666683,15.95666683,15.95666683,52.02075539,15.95666683,15.95666683,15.95666683,15.95666683,15.95666683,15.95666683,15.95666683,15.95666683,15.95666683,15.95666683,15.95666683,153.4298262,15.95666683,15.95666683,15.95666683,15.95666683,15.95666683,15.95666683,15.95666683,25.08883256,15.95666683,15.95666683,15.95666683,31.08736618,15.95666683,15.95666683,15.95666683,15.95666683,15.95666683,15.95666683,15.95666683,15.95666683,15.95666683,72.31457423,15.95666683,15.95666683,47.20144773,15.95666683,31.20828588,15.95666683,15.95666683,45.61075322,15.95666683,15.95666683,15.95666683,15.95666683,15.95666683,15.95666683,15.95666683,15.95666683,76.07946852,19.85257378,93.39589542,78.14582746,15.95666683,15.95666683,15.95666683,207.3173681,15.95666683,66.58581819,15.95666683,15.95666683,15.95666683,15.95666683,184.0199343,15.95666683,15.95666683,15.95666683,15.95666683,179.5482347,100.8532263,154.2383023,15.95666683,15.95666683,15.95666683,15.95666683,15.95666683,281.0232732,15.95666683,15.95666683,15.95666683,15.95666683,15.95666683,15.95666683,15.95666683,15.95666683,15.95666683,15.95666683,15.95666683,38.95307799,15.95666683,15.95666683,15.95666683,15.95666683,15.95666683,15.95666683,15.95666683,15.95666683,15.95666683,15.95666683,15.95666683,9.231443046,15.95666683,15.95666683,15.95666683,15.95666683,15.95666683,15.95666683,15.95666683,15.95666683,15.95666683,15.95666683,15.95666683,15.95666683,15.95666683,15.95666683,15.95666683,15.95666683,15.95666683,15.95666683,15.95666683,15.95666683,15.95666683,15.95666683,15.95666683,15.95666683,15.95666683,15.95666683,15.95666683,15.95666683,15.95666683,15.95666683,15.95666683,15.95666683,15.95666683,15.95666683,15.95666683,15.95666683,15.95666683,15.95666683,15.95666683,15.95666683,15.95666683,15.95666683,15.95666683,15.95666683,15.95666683,15.95666683,15.95666683,15.95666683,50.83864359,30.76739167,143.159198,15.49925588,13.4659826,23.02955314,237.947705,128.1763786,201.5564853,146.0500241,129.6658996,161.3695999,142.8437535,125.9429307,369.0196416,80.98686348,121.0250382,15.95666683,15.95666683,35.27635843,15.95666683,136.7781333,303.5991635,44.15403848,39.29137945,51.6444238,34.48713392,15.95666683,50.71393843,37.8217629,31.99294122,65.76504629,95.14530856,26.26166767,46.47945491,55.92885468,24.09136874,196.1799962,165.6847388,15.95666683,15.95666683,15.95666683,15.95666683,15.95666683,15.95666683,15.95666683,15.95666683,27.33149755,67.23821555,15.95666683,15.95666683,117.6368746,15.95666683,71.82563523,59.99743838,15.95666683,69.49745131,15.95666683,64.39837072,289.7176035,77.39856596,15.95666683,54.32687527,91.22395384,158.9762007
SPHK1,1.603049146,2.20339399,1.603049146,1.603049146,1.603049146,1.603049146,1.603049146,1.603049146,1.603049146,1.603049146,1.603049146,1.603049146,1.603049146,1.603049146,1.603049146,1.603049146,1.603049146,1.603049146,1.603049146,1.603049146,1.603049146,1.603049146,1.603049146,1.603049146,1.603049146,1.603049146,1.603049146,1.603049146,1.603049146,1.603049146,1.603049146,1.603049146,1.603049146,1.603049146,1.603049146,1.603049146,1.603049146,1.603049146,1.603049146,1.603049146,1.603049146,1.603049146,1.603049146,1.603049146,1.603049146,1.603049146,1.603049146,1.603049146,1.603049146,1.603049146,9.356643274,1.603049146,1.603049146,1.603049146,1.47576611,1.603049146,1.603049146,1.603049146,1.603049146,1.603049146,1.603049146,1.603049146,1.603049146,1.603049146,1.603049146,1.603049146,4.28968146,1.603049146,1.603049146,1.603049146,1.603049146,1.603049146,1.603049146,1.603049146,0.729822481,1.603049146,1.603049146,1.603049146,1.679050259,1.603049146,1.603049146,1.603049146,1.603049146,1.603049146,1.603049146,1.603049146,1.603049146,1.603049146,0.980327032,1.603049146,1.603049146,0.739739305,1.603049146,5.639120963,1.603049146,1.603049146,4.898795301,1.603049146,1.603049146,1.603049146,1.603049146,1.603049146,1.603049146,1.603049146,1.603049146,2.478124524,6.826854454,3.690219114,2.685689212,1.603049146,1.603049146,1.603049146,3.306418391,1.603049146,1.474865028,1.603049146,1.603049146,1.603049146,1.603049146,5.202373695,1.603049146,1.603049146,1.603049146,1.603049146,14.04278183,2.453186587,12.11668733,1.603049146,1.603049146,1.603049146,1.603049146,1.603049146,5.758418954,1.603049146,1.603049146,1.603049146,1.603049146,1.603049146,1.603049146,1.603049146,1.603049146,1.603049146,1.603049146,1.603049146,10.35781664,1.603049146,1.603049146,1.603049146,1.603049146,1.603049146,1.603049146,1.603049146,1.603049146,1.603049146,1.603049146,1.603049146,1.909622834,1.603049146,1.603049146,1.603049146,1.603049146,1.603049146,1.603049146,1.603049146,1.603049146,1.603049146,1.603049146,1.603049146,1.603049146,1.603049146,1.603049146,1.603049146,1.603049146,1.603049146,1.603049146,1.603049146,1.603049146,1.603049146,1.603049146,1.603049146,1.603049146,1.603049146,1.603049146,1.603049146,1.603049146,1.603049146,1.603049146,1.603049146,1.603049146,1.603049146,1.603049146,1.603049146,1.603049146,1.603049146,1.603049146,1.603049146,1.603049146,1.603049146,1.603049146,1.603049146,1.603049146,1.603049146,1.603049146,1.603049146,1.603049146,2.826319619,0.703303087,4.103289114,3.972797772,2.348427392,5.097488298,1.859376795,2.68943757,2.033216872,3.047453536,3.037591591,2.754572111,3.98758014,4.801795072,4.25008542,7.065375222,8.851541371,1.603049146,1.603049146,3.799920388,1.603049146,13.24482895,4.307154375,4.41855246,7.515081311,1.958650748,3.344638214,1.603049146,1.147684873,0.164442447,0.287457375,1.586650551,1.834100279,0.190233015,7.088721027,2.474728083,2.74604682,5.512254037,3.933886224,1.603049146,1.603049146,1.603049146,1.603049146,1.603049146,1.603049146,1.603049146,1.603049146,1.637270221,2.291467911,1.603049146,1.603049146,3.174705447,1.603049146,1.585336134,4.565981524,1.603049146,4.184011215,1.603049146,2.112178014,2.731730122,1.1215745,1.603049146,4.737133026,6.983751123,2.30934059
SERPINE1,8.64802829,40.37979543,8.64802829,8.64802829,8.64802829,8.64802829,8.64802829,8.64802829,8.64802829,8.64802829,8.64802829,8.64802829,8.64802829,8.64802829,8.64802829,8.64802829,8.64802829,8.64802829,8.64802829,8.64802829,8.64802829,8.64802829,8.64802829,8.64802829,8.64802829,8.64802829,8.64802829,8.64802829,8.64802829,8.64802829,8.64802829,8.64802829,8.64802829,8.64802829,8.64802829,8.64802829,8.64802829,8.64802829,8.64802829,8.64802829,8.64802829,8.64802829,8.64802829,8.64802829,8.64802829,8.64802829,8.64802829,8.64802829,8.64802829,8.64802829,598.5113442,8.64802829,8.64802829,8.64802829,6.319306165,8.64802829,8.64802829,8.64802829,8.64802829,8.64802829,8.64802829,8.64802829,8.64802829,8.64802829,8.64802829,8.64802829,6.791203021,8.64802829,8.64802829,8.64802829,8.64802829,8.64802829,8.64802829,8.64802829,5.298321648,8.64802829,8.64802829,8.64802829,0.789652349,8.64802829,8.64802829,8.64802829,8.64802829,8.64802829,8.64802829,8.64802829,8.64802829,8.64802829,37.88831503,8.64802829,8.64802829,6.606986672,8.64802829,230.9335907,8.64802829,8.64802829,175.6236671,8.64802829,8.64802829,8.64802829,8.64802829,8.64802829,8.64802829,8.64802829,8.64802829,54.61284553,70.82101831,195.7107169,80.51271183,8.64802829,8.64802829,8.64802829,182.3859864,8.64802829,22.97319173,8.64802829,8.64802829,8.64802829,8.64802829,86.28829176,8.64802829,8.64802829,8.64802829,8.64802829,152.7542602,42.07110159,81.30790638,8.64802829,8.64802829,8.64802829,8.64802829,8.64802829,58.89951185,8.64802829,8.64802829,8.64802829,8.64802829,8.64802829,8.64802829,8.64802829,8.64802829,8.64802829,8.64802829,8.64802829,23.84118536,8.64802829,8.64802829,8.64802829,8.64802829,8.64802829,8.64802829,8.64802829,8.64802829,8.64802829,8.64802829,8.64802829,3.848033952,8.64802829,8.64802829,8.64802829,8.64802829,8.64802829,8.64802829,8.64802829,8.64802829,8.64802829,8.64802829,8.64802829,8.64802829,8.64802829,8.64802829,8.64802829,8.64802829,8.64802829,8.64802829,8.64802829,8.64802829,8.64802829,8.64802829,8.64802829,8.64802829,8.64802829,8.64802829,8.64802829,8.64802829,8.64802829,8.64802829,8.64802829,8.64802829,8.64802829,8.64802829,8.64802829,8.64802829,8.64802829,8.64802829,8.64802829,8.64802829,8.64802829,8.64802829,8.64802829,8.64802829,8.64802829,8.64802829,8.64802829,8.64802829,78.61030594,31.35206532,115.6877221,25.9122617,17.18848984,66.57338845,70.01551605,71.10389441,118.6104788,413.6186135,138.9543174,132.6157331,330.5066745,43.9500149,462.4695638,130.9583355,597.640961,8.64802829,8.64802829,32.76892797,8.64802829,370.2118611,726.6641309,468.261607,123.7084462,103.2788545,51.53055631,8.64802829,139.5565188,60.3914888,65.68933355,57.07624566,53.82921529,19.84130342,348.1730052,208.9091733,140.2791481,117.7372464,47.44838189,8.64802829,8.64802829,8.64802829,8.64802829,8.64802829,8.64802829,8.64802829,8.64802829,118.2218251,219.8281549,8.64802829,8.64802829,69.90830974,8.64802829,302.6703931,70.08891928,8.64802829,131.1300798,8.64802829,304.0337287,141.0696277,81.29926311,8.64802829,219.3031031,248.9489681,127.1232271
DAB2,6.359464706,26.57312065,6.359464706,6.359464706,6.359464706,6.359464706,6.359464706,6.359464706,6.359464706,6.359464706,6.359464706,6.359464706,6.359464706,6.359464706,6.359464706,6.359464706,6.359464706,6.359464706,6.359464706,6.359464706,6.359464706,6.359464706,6.359464706,6.359464706,6.359464706,6.359464706,6.359464706,6.359464706,6.359464706,6.359464706,6.359464706,6.359464706,6.359464706,6.359464706,6.359464706,6.359464706,6.359464706,6.359464706,6.359464706,6.359464706,6.359464706,6.359464706,6.359464706,6.359464706,6.359464706,6.359464706,6.359464706,6.359464706,6.359464706,6.359464706,16.09807569,6.359464706,6.359464706,6.359464706,17.41593211,6.359464706,6.359464706,6.359464706,6.359464706,6.359464706,6.359464706,6.359464706,6.359464706,6.359464706,6.359464706,6.359464706,28.81029965,6.359464706,6.359464706,6.359464706,6.359464706,6.359464706,6.359464706,6.359464706,7.478310876,6.359464706,6.359464706,6.359464706,9.085158084,6.359464706,6.359464706,6.359464706,6.359464706,6.359464706,6.359464706,6.359464706,6.359464706,6.359464706,5.652336042,6.359464706,6.359464706,3.96216532,6.359464706,7.570326772,6.359464706,6.359464706,11.67175093,6.359464706,6.359464706,6.359464706,6.359464706,6.359464706,6.359464706,6.359464706,6.359464706,2.331737422,13.70435323,9.413824271,15.82431269,6.359464706,6.359464706,6.359464706,7.540607912,6.359464706,61.76214198,6.359464706,6.359464706,6.359464706,6.359464706,34.17098693,6.359464706,6.359464706,6.359464706,6.359464706,24.56619983,26.38748136,50.10058318,6.359464706,6.359464706,6.359464706,6.359464706,6.359464706,34.67479615,6.359464706,6.359464706,6.359464706,6.359464706,6.359464706,6.359464706,6.359464706,6.359464706,6.359464706,6.359464706,6.359464706,23.29497237,6.359464706,6.359464706,6.359464706,6.359464706,6.359464706,6.359464706,6.359464706,6.359464706,6.359464706,6.359464706,6.359464706,4.529356671,6.359464706,6.359464706,6.359464706,6.359464706,6.359464706,6.359464706,6.359464706,6.359464706,6.359464706,6.359464706,6.359464706,6.359464706,6.359464706,6.359464706,6.359464706,6.359464706,6.359464706,6.359464706,6.359464706,6.359464706,6.359464706,6.359464706,6.359464706,6.359464706,6.359464706,6.359464706,6.359464706,6.359464706,6.359464706,6.359464706,6.359464706,6.359464706,6.359464706,6.359464706,6.359464706,6.359464706,6.359464706,6.359464706,6.359464706,6.359464706,6.359464706,6.359464706,6.359464706,6.359464706,6.359464706,6.359464706,6.359464706,6.359464706,14.66701889,4.533339175,6.391833806,7.081556567,3.064614468,5.642623069,19.25558003,11.71466627,9.97200457,19.36922425,9.887670588,19.23367895,18.91017386,7.166452645,43.55038629,6.936913855,10.93849015,6.359464706,6.359464706,8.711382114,6.359464706,22.54786609,47.11765846,8.742646554,8.588664356,3.747418522,2.81091935,6.359464706,6.415264164,3.299126601,4.226688074,3.972023147,4.76431966,2.549122396,5.880416306,5.960408916,10.49959078,17.11048651,18.25191346,6.359464706,6.359464706,6.359464706,6.359464706,6.359464706,6.359464706,6.359464706,6.359464706,3.329116115,6.143316351,6.359464706,6.359464706,8.941007177,6.359464706,3.685906512,3.970418716,6.359464706,6.112942889,6.359464706,3.145208309,22.93331498,10.23312664,6.359464706,10.78206351,17.79095056,13.8859057
DRAM1,0.506226046,11.4614314,0.506226046,0.506226046,0.506226046,0.506226046,0.506226046,0.506226046,0.506226046,0.506226046,0.506226046,0.506226046,0.506226046,0.506226046,0.506226046,0.506226046,0.506226046,0.506226046,0.506226046,0.506226046,0.506226046,0.506226046,0.506226046,0.506226046,0.506226046,0.506226046,0.506226046,0.506226046,0.506226046,0.506226046,0.506226046,0.506226046,0.506226046,0.506226046,0.506226046,0.506226046,0.506226046,0.506226046,0.506226046,0.506226046,0.506226046,0.506226046,0.506226046,0.506226046,0.506226046,0.506226046,0.506226046,0.506226046,0.506226046,0.506226046,8.426790526,0.506226046,0.506226046,0.506226046,6.007124873,0.506226046,0.506226046,0.506226046,0.506226046,0.506226046,0.506226046,0.506226046,0.506226046,0.506226046,0.506226046,0.506226046,14.14358388,0.506226046,0.506226046,0.506226046,0.506226046,0.506226046,0.506226046,0.506226046,3.762850973,0.506226046,0.506226046,0.506226046,5.386260236,0.506226046,0.506226046,0.506226046,0.506226046,0.506226046,0.506226046,0.506226046,0.506226046,0.506226046,6.023270594,0.506226046,0.506226046,0.993074684,0.506226046,5.223911714,0.506226046,0.506226046,5.835875463,0.506226046,0.506226046,0.506226046,0.506226046,0.506226046,0.506226046,0.506226046,0.506226046,10.15299119,12.92443069,12.67369713,14.45248583,0.506226046,0.506226046,0.506226046,9.869905644,0.506226046,10.46286602,0.506226046,0.506226046,0.506226046,0.506226046,16.24338262,0.506226046,0.506226046,0.506226046,0.506226046,12.72518749,12.27641664,21.74424523,0.506226046,0.506226046,0.506226046,0.506226046,0.506226046,16.95419393,0.506226046,0.506226046,0.506226046,0.506226046,0.506226046,0.506226046,0.506226046,0.506226046,0.506226046,0.506226046,0.506226046,5.775696581,0.506226046,0.506226046,0.506226046,0.506226046,0.506226046,0.506226046,0.506226046,0.506226046,0.506226046,0.506226046,0.506226046,3.118730759,0.506226046,0.506226046,0.506226046,0.506226046,0.506226046,0.506226046,0.506226046,0.506226046,0.506226046,0.506226046,0.506226046,0.506226046,0.506226046,0.506226046,0.506226046,0.506226046,0.506226046,0.506226046,0.506226046,0.506226046,0.506226046,0.506226046,0.506226046,0.506226046,0.506226046,0.506226046,0.506226046,0.506226046,0.506226046,0.506226046,0.506226046,0.506226046,0.506226046,0.506226046,0.506226046,0.506226046,0.506226046,0.506226046,0.506226046,0.506226046,0.506226046,0.506226046,0.506226046,0.506226046,0.506226046,0.506226046,0.506226046,0.506226046,9.927228229,7.702439832,3.549032197,8.221731712,5.479663914,7.651014331,4.769248955,8.299987108,11.94977007,16.43022102,13.514183,13.69553923,14.35734396,5.689674161,20.49185439,9.779121614,10.75858077,0.506226046,0.506226046,10.13312103,0.506226046,7.321929341,12.91142314,10.69478612,16.79893469,7.624747554,7.516540667,0.506226046,11.63379709,9.496551337,9.006997761,9.735774127,6.120902706,6.734248717,14.14723444,11.478526,10.91495921,19.90036202,22.13085714,0.506226046,0.506226046,0.506226046,0.506226046,0.506226046,0.506226046,0.506226046,0.506226046,10.48944455,11.07542823,0.506226046,0.506226046,16.46743472,0.506226046,5.350509453,7.290129921,0.506226046,10.99584239,0.506226046,16.06731048,7.534287918,8.903117936,0.506226046,11.68299065,18.27794804,10.47166509
ITGA5,3.975983738,10.8562073,3.975983738,3.975983738,3.975983738,3.975983738,3.975983738,3.975983738,3.975983738,3.975983738,3.975983738,3.975983738,3.975983738,3.975983738,3.975983738,3.975983738,3.975983738,3.975983738,3.975983738,3.975983738,3.975983738,3.975983738,3.975983738,3.975983738,3.975983738,3.975983738,3.975983738,3.975983738,3.975983738,3.975983738,3.975983738,3.975983738,3.975983738,3.975983738,3.975983738,3.975983738,3.975983738,3.975983738,3.975983738,3.975983738,3.975983738,3.975983738,3.975983738,3.975983738,3.975983738,3.975983738,3.975983738,3.975983738,3.975983738,3.975983738,38.25181741,3.975983738,3.975983738,3.975983738,3.64211508,3.975983738,3.975983738,3.975983738,3.975983738,3.975983738,3.975983738,3.975983738,3.975983738,3.975983738,3.975983738,3.975983738,7.086059174,3.975983738,3.975983738,3.975983738,3.975983738,3.975983738,3.975983738,3.975983738,3.307896699,3.975983738,3.975983738,3.975983738,1.620865349,3.975983738,3.975983738,3.975983738,3.975983738,3.975983738,3.975983738,3.975983738,3.975983738,3.975983738,5.352055689,3.975983738,3.975983738,2.827222824,3.975983738,11.62585897,3.975983738,3.975983738,29.89378496,3.975983738,3.975983738,3.975983738,3.975983738,3.975983738,3.975983738,3.975983738,3.975983738,17.36778411,17.40138865,15.27729196,4.212088116,3.975983738,3.975983738,3.975983738,9.573808475,3.975983738,16.80478565,3.975983738,3.975983738,3.975983738,3.975983738,24.66449112,3.975983738,3.975983738,3.975983738,3.975983738,56.70856714,21.31336893,18.21340964,3.975983738,3.975983738,3.975983738,3.975983738,3.975983738,19.4398424,3.975983738,3.975983738,3.975983738,3.975983738,3.975983738,3.975983738,3.975983738,3.975983738,3.975983738,3.975983738,3.975983738,15.19281307,3.975983738,3.975983738,3.975983738,3.975983738,3.975983738,3.975983738,3.975983738,3.975983738,3.975983738,3.975983738,3.975983738,1.919218928,3.975983738,3.975983738,3.975983738,3.975983738,3.975983738,3.975983738,3.975983738,3.975983738,3.975983738,3.975983738,3.975983738,3.975983738,3.975983738,3.975983738,3.975983738,3.975983738,3.975983738,3.975983738,3.975983738,3.975983738,3.975983738,3.975983738,3.975983738,3.975983738,3.975983738,3.975983738,3.975983738,3.975983738,3.975983738,3.975983738,3.975983738,3.975983738,3.975983738,3.975983738,3.975983738,3.975983738,3.975983738,3.975983738,3.975983738,3.975983738,3.975983738,3.975983738,3.975983738,3.975983738,3.975983738,3.975983738,3.975983738,3.975983738,7.118463389,6.956769089,4.889976352,11.00090863,3.780801545,6.445979574,15.17965802,16.33808142,25.7941286,26.47271915,17.22335096,40.19742249,21.73642267,14.53222509,22.1648709,30.18039257,58.6954344,3.975983738,3.975983738,7.117311203,3.975983738,18.96349064,26.09392592,36.66034143,21.66525783,15.3694125,8.815256569,3.975983738,15.49865043,6.166591777,4.066989533,7.749762554,3.874401181,4.803383619,22.15225321,15.00632987,10.30344458,12.32944985,14.28506171,3.975983738,3.975983738,3.975983738,3.975983738,3.975983738,3.975983738,3.975983738,3.975983738,5.675870098,9.744194496,3.975983738,3.975983738,6.781343608,3.975983738,18.40971586,12.80460036,3.975983738,15.00280191,3.975983738,6.963731007,27.37237643,23.90045484,3.975983738,18.75478433,31.27145532,39.04975489
PYGL,3.94434461,14.04309045,3.94434461,3.94434461,3.94434461,3.94434461,3.94434461,3.94434461,3.94434461,3.94434461,3.94434461,3.94434461,3.94434461,3.94434461,3.94434461,3.94434461,3.94434461,3.94434461,3.94434461,3.94434461,3.94434461,3.94434461,3.94434461,3.94434461,3.94434461,3.94434461,3.94434461,3.94434461,3.94434461,3.94434461,3.94434461,3.94434461,3.94434461,3.94434461,3.94434461,3.94434461,3.94434461,3.94434461,3.94434461,3.94434461,3.94434461,3.94434461,3.94434461,3.94434461,3.94434461,3.94434461,3.94434461,3.94434461,3.94434461,3.94434461,26.58216542,3.94434461,3.94434461,3.94434461,12.14669029,3.94434461,3.94434461,3.94434461,3.94434461,3.94434461,3.94434461,3.94434461,3.94434461,3.94434461,3.94434461,3.94434461,10.0441322,3.94434461,3.94434461,3.94434461,3.94434461,3.94434461,3.94434461,3.94434461,5.885970918,3.94434461,3.94434461,3.94434461,5.136896337,3.94434461,3.94434461,3.94434461,3.94434461,3.94434461,3.94434461,3.94434461,3.94434461,3.94434461,29.01238109,3.94434461,3.94434461,9.687544875,3.94434461,14.41645137,3.94434461,3.94434461,13.75002772,3.94434461,3.94434461,3.94434461,3.94434461,3.94434461,3.94434461,3.94434461,3.94434461,14.83737848,16.43914656,32.76010846,14.40418207,3.94434461,3.94434461,3.94434461,32.43250995,3.94434461,17.62897493,3.94434461,3.94434461,3.94434461,3.94434461,18.53579549,3.94434461,3.94434461,3.94434461,3.94434461,7.021390917,3.64832877,7.774417482,3.94434461,3.94434461,3.94434461,3.94434461,3.94434461,7.249808035,3.94434461,3.94434461,3.94434461,3.94434461,3.94434461,3.94434461,3.94434461,3.94434461,3.94434461,3.94434461,3.94434461,32.94473514,3.94434461,3.94434461,3.94434461,3.94434461,3.94434461,3.94434461,3.94434461,3.94434461,3.94434461,3.94434461,3.94434461,11.56329404,3.94434461,3.94434461,3.94434461,3.94434461,3.94434461,3.94434461,3.94434461,3.94434461,3.94434461,3.94434461,3.94434461,3.94434461,3.94434461,3.94434461,3.94434461,3.94434461,3.94434461,3.94434461,3.94434461,3.94434461,3.94434461,3.94434461,3.94434461,3.94434461,3.94434461,3.94434461,3.94434461,3.94434461,3.94434461,3.94434461,3.94434461,3.94434461,3.94434461,3.94434461,3.94434461,3.94434461,3.94434461,3.94434461,3.94434461,3.94434461,3.94434461,3.94434461,3.94434461,3.94434461,3.94434461,3.94434461,3.94434461,3.94434461,13.89460856,38.78335216,34.23877409,8.310807896,9.576920214,24.45455456,14.04512302,29.34206608,47.66045187,40.00731706,19.63069396,54.74349626,37.71757503,36.91946211,20.96985911,12.9665693,37.04334082,3.94434461,3.94434461,6.28150105,3.94434461,49.04773588,28.43324286,32.04237687,10.50703406,42.22091535,31.08912382,3.94434461,59.42457234,42.12809949,60.25958313,50.62170805,57.71446913,34.98385139,25.81744419,25.71611055,83.39674965,69.18441291,48.09670392,3.94434461,3.94434461,3.94434461,3.94434461,3.94434461,3.94434461,3.94434461,3.94434461,32.15598713,50.79420535,3.94434461,3.94434461,54.66108494,3.94434461,51.43424921,34.59778754,3.94434461,52.4445771,3.94434461,25.69662859,22.40459302,49.37905433,3.94434461,59.94556066,56.29483657,68.87210148
SEC24D,6.834051624,12.32198441,6.834051624,6.834051624,6.834051624,6.834051624,6.834051624,6.834051624,6.834051624,6.834051624,6.834051624,6.834051624,6.834051624,6.834051624,6.834051624,6.834051624,6.834051624,6.834051624,6.834051624,6.834051624,6.834051624,6.834051624,6.834051624,6.834051624,6.834051624,6.834051624,6.834051624,6.834051624,6.834051624,6.834051624,6.834051624,6.834051624,6.834051624,6.834051624,6.834051624,6.834051624,6.834051624,6.834051624,6.834051624,6.834051624,6.834051624,6.834051624,6.834051624,6.834051624,6.834051624,6.834051624,6.834051624,6.834051624,6.834051624,6.834051624,23.25794185,6.834051624,6.834051624,6.834051624,13.75489695,6.834051624,6.834051624,6.834051624,6.834051624,6.834051624,6.834051624,6.834051624,6.834051624,6.834051624,6.834051624,6.834051624,7.114593641,6.834051624,6.834051624,6.834051624,6.834051624,6.834051624,6.834051624,6.834051624,7.127616957,6.834051624,6.834051624,6.834051624,7.356235045,6.834051624,6.834051624,6.834051624,6.834051624,6.834051624,6.834051624,6.834051624,6.834051624,6.834051624,5.131261313,6.834051624,6.834051624,6.049648839,6.834051624,14.84131664,6.834051624,6.834051624,15.3458474,6.834051624,6.834051624,6.834051624,6.834051624,6.834051624,6.834051624,6.834051624,6.834051624,32.72797367,21.02752203,9.144857863,19.36980888,6.834051624,6.834051624,6.834051624,11.40961092,6.834051624,17.12578568,6.834051624,6.834051624,6.834051624,6.834051624,17.01063917,6.834051624,6.834051624,6.834051624,6.834051624,27.76483347,26.84876431,61.85541469,6.834051624,6.834051624,6.834051624,6.834051624,6.834051624,42.70136933,6.834051624,6.834051624,6.834051624,6.834051624,6.834051624,6.834051624,6.834051624,6.834051624,6.834051624,6.834051624,6.834051624,21.31242153,6.834051624,6.834051624,6.834051624,6.834051624,6.834051624,6.834051624,6.834051624,6.834051624,6.834051624,6.834051624,6.834051624,8.780426598,6.834051624,6.834051624,6.834051624,6.834051624,6.834051624,6.834051624,6.834051624,6.834051624,6.834051624,6.834051624,6.834051624,6.834051624,6.834051624,6.834051624,6.834051624,6.834051624,6.834051624,6.834051624,6.834051624,6.834051624,6.834051624,6.834051624,6.834051624,6.834051624,6.834051624,6.834051624,6.834051624,6.834051624,6.834051624,6.834051624,6.834051624,6.834051624,6.834051624,6.834051624,6.834051624,6.834051624,6.834051624,6.834051624,6.834051624,6.834051624,6.834051624,6.834051624,6.834051624,6.834051624,6.834051624,6.834051624,6.834051624,6.834051624,18.67828618,11.90531129,11.54999899,13.14764465,19.44531191,18.84062279,12.60594438,9.448286295,5.93329651,12.04882875,14.70235658,10.99895811,17.62551531,14.18794544,19.19292853,8.735373002,16.13787116,6.834051624,6.834051624,9.788457054,6.834051624,37.67168388,15.12022025,10.60032775,16.02454692,9.093735614,11.53722278,6.834051624,11.23161692,11.05875459,14.2557565,41.76021075,13.34877718,11.52812069,16.81557403,16.52275899,39.90998299,19.56287708,65.09592735,6.834051624,6.834051624,6.834051624,6.834051624,6.834051624,6.834051624,6.834051624,6.834051624,21.28451287,47.38973874,6.834051624,6.834051624,11.17625897,6.834051624,13.40599869,18.38524444,6.834051624,8.843266465,6.834051624,14.87748095,16.40139577,26.48106873,6.834051624,7.236479285,26.62943677,8.331543423
FOSL2,0.031639128,5.361907262,0.706231603,0.642739341,0.596145526,0.22473324,0.602878211,1.281111905,0.181668674,1.516628269,0.033999696,0.044561972,0.322443705,0.042009629,1.807712238,0.618950593,0.173089607,0.370554092,0.354558324,0,0.375989649,0.186592341,0.830621813,0.75030252,1.155362361,0.126612713,2.185347381,0.291525149,1.138203809,1.33314689,0.481147873,1.985675414,0.705104084,0.403021984,1.986321179,0.417995138,0.193674778,0.355342711,0.862295761,0.513331839,0,0.218019702,0.745073324,0.96665598,0.77320379,0.09697813,0.546445862,0.674810544,0.645386891,0.048016539,16.40027784,0.388396572,0.326639485,1.103734986,0.293261214,0.450180298,0.264318463,0.563114414,0.855702812,0.240189762,0.824388964,0.145302046,0.879555049,1.045636737,0,0.278637903,1.845228832,0.034264151,0.685788284,0.311625442,0.673982025,0.139955273,0.307120615,0.838513996,0.796169979,0.724956369,3.293870226,0.387269123,0.68159466,0.187833289,0.8520352,0.752002799,0.498826414,0.253176389,0.601712363,0.671926133,0.601236388,0.293250288,1.421915785,0.969223245,1.236484976,0.141867812,0.425261492,3.408578253,0.337586335,0.348586128,3.265863534,2.05842199,2.459751348,0.131885597,0.793006376,1.681719257,1.942372845,0.864396477,0.756396555,1.5475208,2.096674884,5.572983968,2.241294594,1.923693974,0.893814742,1.602304004,1.480485847,0.652151587,3.036486823,1.967685269,1.481396414,0.316327535,0.623335107,3.808212399,0.677843359,3.060328715,0.969458385,3.248136696,4.420875763,0.660473312,3.28959837,0.524311637,0.444589855,0.540601931,1.616369718,0.475181505,2.40279352,0.993085265,0.049484649,1.79346203,0.412633652,0.079239214,0.706430418,1.134911314,0.31266989,0.40967569,0.037048226,0.197767734,2.640029435,2.339333407,0.315477994,0.37980717,0.067708198,0.65285825,0.107071435,0.670216719,0.950606165,0.063959942,0.548517537,0.744048209,0.41263207,1.133714957,0.80816963,0.301986668,1.000360732,0.328507362,0.120587838,1.339812404,1.792789502,0.890870001,0.373061435,0.226094596,0.081851746,0.499395899,0.076401018,0.277368086,0.014269986,0.57862004,0.159315436,0.832549278,1.832238927,0.943786055,0.683768157,0.654909382,1.7204335,0.553124883,0.596349721,1.438910643,0.270901407,1.194338411,0.504941847,0.737051677,0.728197406,0.536751002,0.669280165,1.598228892,1.157729634,0.910255124,0.327441876,0.020460274,2.323194209,0.959081155,0.935030231,1.980012932,1.336570532,0.897615342,1.047787359,0.064653957,0.274190707,2.027577118,3.465674248,1.457159315,3.981705391,3.406052493,1.578021706,3.14098114,3.344169563,3.927805322,3.871675844,4.380744336,4.416980542,3.093457789,4.539055342,1.932801682,3.468456927,2.302840032,0.307943404,1.692232474,2.67976245,0.482787887,7.454683988,3.152555883,7.273294192,4.355931205,3.547556201,4.999166692,5.43672994,4.531883859,2.004142328,2.406124697,1.608237633,4.091454469,0.722885455,1.933287553,1.937659435,4.245988361,5.366010563,3.604230954,0.746697108,1.575853519,1.607073805,2.179595008,1.576303023,8.240080899,6.498648928,9.095771008,2.128451287,1.658586297,1.945826762,2.077211111,1.652142631,7.745233225,2.060936975,3.782926721,1.014320004,4.901536523,1.276721999,3.32045452,2.874925653,1.687324469,2.525258929,4.77588258,7.087367608,5.205970382
ATF3,1.455399883,15.04549286,1.455399883,1.455399883,1.455399883,1.455399883,1.455399883,1.455399883,1.455399883,1.455399883,1.455399883,1.455399883,1.455399883,1.455399883,1.455399883,1.455399883,1.455399883,1.455399883,1.455399883,1.455399883,1.455399883,1.455399883,1.455399883,1.455399883,1.455399883,1.455399883,1.455399883,1.455399883,1.455399883,1.455399883,1.455399883,1.455399883,1.455399883,1.455399883,1.455399883,1.455399883,1.455399883,1.455399883,1.455399883,1.455399883,1.455399883,1.455399883,1.455399883,1.455399883,1.455399883,1.455399883,1.455399883,1.455399883,1.455399883,1.455399883,119.3233538,1.455399883,1.455399883,1.455399883,8.665395879,1.455399883,1.455399883,1.455399883,1.455399883,1.455399883,1.455399883,1.455399883,1.455399883,1.455399883,1.455399883,1.455399883,7.371403839,1.455399883,1.455399883,1.455399883,1.455399883,1.455399883,1.455399883,1.455399883,5.051888083,1.455399883,1.455399883,1.455399883,22.22663561,1.455399883,1.455399883,1.455399883,1.455399883,1.455399883,1.455399883,1.455399883,1.455399883,1.455399883,8.266541461,1.455399883,1.455399883,2.817089409,1.455399883,19.12859354,1.455399883,1.455399883,16.45920997,1.455399883,1.455399883,1.455399883,1.455399883,1.455399883,1.455399883,1.455399883,1.455399883,44.28209857,44.23274985,33.44866247,23.50461098,1.455399883,1.455399883,1.455399883,15.35757318,1.455399883,9.612649714,1.455399883,1.455399883,1.455399883,1.455399883,4.996524376,1.455399883,1.455399883,1.455399883,1.455399883,16.11452557,9.88613227,21.4591467,1.455399883,1.455399883,1.455399883,1.455399883,1.455399883,9.072616913,1.455399883,1.455399883,1.455399883,1.455399883,1.455399883,1.455399883,1.455399883,1.455399883,1.455399883,1.455399883,1.455399883,15.42545934,1.455399883,1.455399883,1.455399883,1.455399883,1.455399883,1.455399883,1.455399883,1.455399883,1.455399883,1.455399883,1.455399883,3.848033952,1.455399883,1.455399883,1.455399883,1.455399883,1.455399883,1.455399883,1.455399883,1.455399883,1.455399883,1.455399883,1.455399883,1.455399883,1.455399883,1.455399883,1.455399883,1.455399883,1.455399883,1.455399883,1.455399883,1.455399883,1.455399883,1.455399883,1.455399883,1.455399883,1.455399883,1.455399883,1.455399883,1.455399883,1.455399883,1.455399883,1.455399883,1.455399883,1.455399883,1.455399883,1.455399883,1.455399883,1.455399883,1.455399883,1.455399883,1.455399883,1.455399883,1.455399883,1.455399883,1.455399883,1.455399883,1.455399883,1.455399883,1.455399883,44.11516276,11.21895527,16.84225859,25.44906555,54.80496689,43.64903676,46.01169697,9.478504695,23.87181446,43.45603672,23.8254633,36.81461463,19.66041445,26.99877229,25.56286096,29.32933601,22.65958609,1.455399883,1.455399883,35.7933544,1.455399883,120.2552858,19.73861422,24.2338186,36.12342949,50.06551146,34.49602924,1.455399883,58.64963982,39.75396166,37.61432989,49.6394958,81.16707684,25.12978123,28.14343078,18.66050282,91.531048,106.7914848,195.9141271,1.455399883,1.455399883,1.455399883,1.455399883,1.455399883,1.455399883,1.455399883,1.455399883,15.07380116,69.4533012,1.455399883,1.455399883,44.86701065,1.455399883,39.12807746,93.56953441,1.455399883,31.66429868,1.455399883,41.78238604,75.04547308,43.83073445,1.455399883,37.47081911,133.7274362,63.12861217
CD44,60.59947629,316.7024237,60.59947629,60.59947629,60.59947629,60.59947629,60.59947629,60.59947629,60.59947629,60.59947629,60.59947629,60.59947629,60.59947629,60.59947629,60.59947629,60.59947629,60.59947629,60.59947629,60.59947629,60.59947629,60.59947629,60.59947629,60.59947629,60.59947629,60.59947629,60.59947629,60.59947629,60.59947629,60.59947629,60.59947629,60.59947629,60.59947629,60.59947629,60.59947629,60.59947629,60.59947629,60.59947629,60.59947629,60.59947629,60.59947629,60.59947629,60.59947629,60.59947629,60.59947629,60.59947629,60.59947629,60.59947629,60.59947629,60.59947629,60.59947629,495.4604134,60.59947629,60.59947629,60.59947629,181.7841127,60.59947629,60.59947629,60.59947629,60.59947629,60.59947629,60.59947629,60.59947629,60.59947629,60.59947629,60.59947629,60.59947629,209.6046792,60.59947629,60.59947629,60.59947629,60.59947629,60.59947629,60.59947629,60.59947629,36.43425476,60.59947629,60.59947629,60.59947629,126.9927221,60.59947629,60.59947629,60.59947629,60.59947629,60.59947629,60.59947629,60.59947629,60.59947629,60.59947629,159.6431661,60.59947629,60.59947629,30.9879835,60.59947629,281.4829027,60.59947629,60.59947629,283.1095451,60.59947629,60.59947629,60.59947629,60.59947629,60.59947629,60.59947629,60.59947629,60.59947629,223.4808247,207.986097,360.0276747,315.3076421,60.59947629,60.59947629,60.59947629,333.0204863,60.59947629,138.949637,60.59947629,60.59947629,60.59947629,60.59947629,187.9778553,60.59947629,60.59947629,60.59947629,60.59947629,98.52485082,51.4435324,208.2644728,60.59947629,60.59947629,60.59947629,60.59947629,60.59947629,176.3878295,60.59947629,60.59947629,60.59947629,60.59947629,60.59947629,60.59947629,60.59947629,60.59947629,60.59947629,60.59947629,60.59947629,226.0816012,60.59947629,60.59947629,60.59947629,60.59947629,60.59947629,60.59947629,60.59947629,60.59947629,60.59947629,60.59947629,60.59947629,59.18871175,60.59947629,60.59947629,60.59947629,60.59947629,60.59947629,60.59947629,60.59947629,60.59947629,60.59947629,60.59947629,60.59947629,60.59947629,60.59947629,60.59947629,60.59947629,60.59947629,60.59947629,60.59947629,60.59947629,60.59947629,60.59947629,60.59947629,60.59947629,60.59947629,60.59947629,60.59947629,60.59947629,60.59947629,60.59947629,60.59947629,60.59947629,60.59947629,60.59947629,60.59947629,60.59947629,60.59947629,60.59947629,60.59947629,60.59947629,60.59947629,60.59947629,60.59947629,60.59947629,60.59947629,60.59947629,60.59947629,60.59947629,60.59947629,351.3062623,365.4379787,335.5042276,159.5354442,155.8956056,382.8471934,323.857216,382.252683,214.6522504,442.8785055,464.2349163,338.7543786,334.9978408,235.2607786,411.2503192,209.0789047,273.8220725,60.59947629,60.59947629,177.6915153,60.59947629,370.6918202,401.8303952,274.9263223,302.0552295,324.9761343,213.1406283,60.59947629,276.5233896,215.1934977,191.4679051,206.7934551,193.0580465,167.5667509,112.0199168,151.0742514,270.647144,220.7713989,176.0359143,60.59947629,60.59947629,60.59947629,60.59947629,60.59947629,60.59947629,60.59947629,60.59947629,123.8976952,263.8788975,60.59947629,60.59947629,315.6348307,60.59947629,329.2049566,553.0021246,60.59947629,273.731246,60.59947629,314.3455847,278.239931,107.1153275,60.59947629,248.2102707,211.5537784,302.1254552
CDKN1A,14.72274085,23.66047967,14.72274085,14.72274085,14.72274085,14.72274085,14.72274085,14.72274085,14.72274085,14.72274085,14.72274085,14.72274085,14.72274085,14.72274085,14.72274085,14.72274085,14.72274085,14.72274085,14.72274085,14.72274085,14.72274085,14.72274085,14.72274085,14.72274085,14.72274085,14.72274085,14.72274085,14.72274085,14.72274085,14.72274085,14.72274085,14.72274085,14.72274085,14.72274085,14.72274085,14.72274085,14.72274085,14.72274085,14.72274085,14.72274085,14.72274085,14.72274085,14.72274085,14.72274085,14.72274085,14.72274085,14.72274085,14.72274085,14.72274085,14.72274085,91.36965562,14.72274085,14.72274085,14.72274085,23.61225777,14.72274085,14.72274085,14.72274085,14.72274085,14.72274085,14.72274085,14.72274085,14.72274085,14.72274085,14.72274085,14.72274085,27.03165124,14.72274085,14.72274085,14.72274085,14.72274085,14.72274085,14.72274085,14.72274085,18.77634201,14.72274085,14.72274085,14.72274085,10.72264769,14.72274085,14.72274085,14.72274085,14.72274085,14.72274085,14.72274085,14.72274085,14.72274085,14.72274085,37.3319132,14.72274085,14.72274085,2.827222824,14.72274085,41.5885171,14.72274085,14.72274085,55.17639328,14.72274085,14.72274085,14.72274085,14.72274085,14.72274085,14.72274085,14.72274085,14.72274085,13.59308811,31.75398919,13.65273486,17.30240783,14.72274085,14.72274085,14.72274085,23.88517166,14.72274085,51.79378952,14.72274085,14.72274085,14.72274085,14.72274085,29.15574898,14.72274085,14.72274085,14.72274085,14.72274085,26.1351773,22.81253852,35.38511314,14.72274085,14.72274085,14.72274085,14.72274085,14.72274085,39.62537935,14.72274085,14.72274085,14.72274085,14.72274085,14.72274085,14.72274085,14.72274085,14.72274085,14.72274085,14.72274085,14.72274085,55.98683113,14.72274085,14.72274085,14.72274085,14.72274085,14.72274085,14.72274085,14.72274085,14.72274085,14.72274085,14.72274085,14.72274085,17.83913994,14.72274085,14.72274085,14.72274085,14.72274085,14.72274085,14.72274085,14.72274085,14.72274085,14.72274085,14.72274085,14.72274085,14.72274085,14.72274085,14.72274085,14.72274085,14.72274085,14.72274085,14.72274085,14.72274085,14.72274085,14.72274085,14.72274085,14.72274085,14.72274085,14.72274085,14.72274085,14.72274085,14.72274085,14.72274085,14.72274085,14.72274085,14.72274085,14.72274085,14.72274085,14.72274085,14.72274085,14.72274085,14.72274085,14.72274085,14.72274085,14.72274085,14.72274085,14.72274085,14.72274085,14.72274085,14.72274085,14.72274085,14.72274085,43.68507064,39.84254355,27.06919268,19.40079271,100.1246189,13.5327316,14.81198464,26.9548125,41.57928504,15.73613908,22.17235223,59.9433552,51.96186904,15.58318401,10.78628036,42.19955928,53.09125729,14.72274085,14.72274085,33.44963933,14.72274085,39.52003703,25.31080694,43.11499645,32.53308619,22.63440788,44.05849222,14.72274085,42.7193814,16.4750777,12.07320976,40.88593392,36.07425638,14.99036155,35.49395116,41.72286241,57.0554686,54.11008555,61.06314455,14.72274085,14.72274085,14.72274085,14.72274085,14.72274085,14.72274085,14.72274085,14.72274085,15.45583088,49.04832504,14.72274085,14.72274085,20.50600559,14.72274085,52.62325131,32.70080971,14.72274085,54.85807132,14.72274085,40.09448833,25.29053371,24.49598112,14.72274085,21.63193874,53.82876422,54.12019306
ID2,161.5599334,899.1455104,161.5599334,161.5599334,161.5599334,161.5599334,161.5599334,161.5599334,161.5599334,161.5599334,161.5599334,161.5599334,161.5599334,161.5599334,161.5599334,161.5599334,161.5599334,161.5599334,161.5599334,161.5599334,161.5599334,161.5599334,161.5599334,161.5599334,161.5599334,161.5599334,161.5599334,161.5599334,161.5599334,161.5599334,161.5599334,161.5599334,161.5599334,161.5599334,161.5599334,161.5599334,161.5599334,161.5599334,161.5599334,161.5599334,161.5599334,161.5599334,161.5599334,161.5599334,161.5599334,161.5599334,161.5599334,161.5599334,161.5599334,161.5599334,2100.351386,161.5599334,161.5599334,161.5599334,285.9107638,161.5599334,161.5599334,161.5599334,161.5599334,161.5599334,161.5599334,161.5599334,161.5599334,161.5599334,161.5599334,161.5599334,183.6573377,161.5599334,161.5599334,161.5599334,161.5599334,161.5599334,161.5599334,161.5599334,278.3941027,161.5599334,161.5599334,161.5599334,251.4169959,161.5599334,161.5599334,161.5599334,161.5599334,161.5599334,161.5599334,161.5599334,161.5599334,161.5599334,209.8959662,161.5599334,161.5599334,58.68260708,161.5599334,426.6323314,161.5599334,161.5599334,562.0347025,161.5599334,161.5599334,161.5599334,161.5599334,161.5599334,161.5599334,161.5599334,161.5599334,302.2998233,695.2148504,249.9235861,137.4435267,161.5599334,161.5599334,161.5599334,252.4919262,161.5599334,161.0205584,161.5599334,161.5599334,161.5599334,161.5599334,243.0425481,161.5599334,161.5599334,161.5599334,161.5599334,172.0414142,137.0639378,147.1218044,161.5599334,161.5599334,161.5599334,161.5599334,161.5599334,136.9385169,161.5599334,161.5599334,161.5599334,161.5599334,161.5599334,161.5599334,161.5599334,161.5599334,161.5599334,161.5599334,161.5599334,443.9700076,161.5599334,161.5599334,161.5599334,161.5599334,161.5599334,161.5599334,161.5599334,161.5599334,161.5599334,161.5599334,161.5599334,339.4234636,161.5599334,161.5599334,161.5599334,161.5599334,161.5599334,161.5599334,161.5599334,161.5599334,161.5599334,161.5599334,161.5599334,161.5599334,161.5599334,161.5599334,161.5599334,161.5599334,161.5599334,161.5599334,161.5599334,161.5599334,161.5599334,161.5599334,161.5599334,161.5599334,161.5599334,161.5599334,161.5599334,161.5599334,161.5599334,161.5599334,161.5599334,161.5599334,161.5599334,161.5599334,161.5599334,161.5599334,161.5599334,161.5599334,161.5599334,161.5599334,161.5599334,161.5599334,161.5599334,161.5599334,161.5599334,161.5599334,161.5599334,161.5599334,225.6579227,543.1787685,350.9876628,408.0847182,337.7821398,520.3646122,376.5185486,246.9548349,532.0004366,761.538033,761.5056145,571.955487,370.3721987,1219.085169,914.3398926,94.07386532,232.1640561,161.5599334,161.5599334,346.1718857,161.5599334,970.0177771,664.4362922,550.5033578,396.5833366,1348.171288,1191.785328,161.5599334,933.2247505,777.7922209,540.2814602,710.9381757,1723.153491,1153.839327,684.1421327,905.3397789,716.5105359,864.9964029,681.7380872,161.5599334,161.5599334,161.5599334,161.5599334,161.5599334,161.5599334,161.5599334,161.5599334,775.1492132,644.7208643,161.5599334,161.5599334,1093.815606,161.5599334,496.3588353,1469.617401,161.5599334,740.9240884,161.5599334,532.6562459,668.0842556,469.47322,161.5599334,598.7484272,627.9677104,761.7140948
PPP1R15A,0.54841155,4.595920511,0.54841155,0.54841155,0.54841155,0.54841155,0.54841155,0.54841155,0.54841155,0.54841155,0.54841155,0.54841155,0.54841155,0.54841155,0.54841155,0.54841155,0.54841155,0.54841155,0.54841155,0.54841155,0.54841155,0.54841155,0.54841155,0.54841155,0.54841155,0.54841155,0.54841155,0.54841155,0.54841155,0.54841155,0.54841155,0.54841155,0.54841155,0.54841155,0.54841155,0.54841155,0.54841155,0.54841155,0.54841155,0.54841155,0.54841155,0.54841155,0.54841155,0.54841155,0.54841155,0.54841155,0.54841155,0.54841155,0.54841155,0.54841155,43.23815277,0.54841155,0.54841155,0.54841155,5.392222327,0.54841155,0.54841155,0.54841155,0.54841155,0.54841155,0.54841155,0.54841155,0.54841155,0.54841155,0.54841155,0.54841155,7.133616618,0.54841155,0.54841155,0.54841155,0.54841155,0.54841155,0.54841155,0.54841155,2.056772446,0.54841155,0.54841155,0.54841155,1.953350549,0.54841155,0.54841155,0.54841155,0.54841155,0.54841155,0.54841155,0.54841155,0.54841155,0.54841155,8.17822371,0.54841155,0.54841155,2.269884992,0.54841155,7.435142366,0.54841155,0.54841155,4.611176637,0.54841155,0.54841155,0.54841155,0.54841155,0.54841155,0.54841155,0.54841155,0.54841155,13.10164569,8.548761364,10.53272453,1.149629555,0.54841155,0.54841155,0.54841155,6.168691028,0.54841155,4.415919408,0.54841155,0.54841155,0.54841155,0.54841155,2.947387975,0.54841155,0.54841155,0.54841155,0.54841155,7.142748291,2.43221918,5.756797148,0.54841155,0.54841155,0.54841155,0.54841155,0.54841155,4.484524113,0.54841155,0.54841155,0.54841155,0.54841155,0.54841155,0.54841155,0.54841155,0.54841155,0.54841155,0.54841155,0.54841155,4.774306105,0.54841155,0.54841155,0.54841155,0.54841155,0.54841155,0.54841155,0.54841155,0.54841155,0.54841155,0.54841155,0.54841155,0.825264139,0.54841155,0.54841155,0.54841155,0.54841155,0.54841155,0.54841155,0.54841155,0.54841155,0.54841155,0.54841155,0.54841155,0.54841155,0.54841155,0.54841155,0.54841155,0.54841155,0.54841155,0.54841155,0.54841155,0.54841155,0.54841155,0.54841155,0.54841155,0.54841155,0.54841155,0.54841155,0.54841155,0.54841155,0.54841155,0.54841155,0.54841155,0.54841155,0.54841155,0.54841155,0.54841155,0.54841155,0.54841155,0.54841155,0.54841155,0.54841155,0.54841155,0.54841155,0.54841155,0.54841155,0.54841155,0.54841155,0.54841155,0.54841155,10.26076905,11.68499948,10.76331175,4.542885345,28.9306268,10.4914534,14.5493608,7.010668722,11.84810923,27.22102624,21.84173001,12.5067239,21.26366832,24.86967448,10.37062408,5.644271342,19.52016745,0.54841155,0.54841155,5.307825304,0.54841155,19.87234937,21.17433234,32.1893121,7.911075057,16.44866903,19.56079636,0.54841155,18.38257652,4.039117614,6.46246766,11.14972802,15.4433414,7.875646805,16.03017596,12.63690936,29.214246,44.84049917,50.70098055,0.54841155,0.54841155,0.54841155,0.54841155,0.54841155,0.54841155,0.54841155,0.54841155,6.330778186,16.01845187,0.54841155,0.54841155,16.6402078,0.54841155,32.01388156,51.29560403,0.54841155,17.63062187,0.54841155,14.38863625,31.18358055,12.51597739,0.54841155,37.0542614,55.93217887,56.02141742
SMAD3,0.822617325,7.981392821,0.822617325,0.822617325,0.822617325,0.822617325,0.822617325,0.822617325,0.822617325,0.822617325,0.822617325,0.822617325,0.822617325,0.822617325,0.822617325,0.822617325,0.822617325,0.822617325,0.822617325,0.822617325,0.822617325,0.822617325,0.822617325,0.822617325,0.822617325,0.822617325,0.822617325,0.822617325,0.822617325,0.822617325,0.822617325,0.822617325,0.822617325,0.822617325,0.822617325,0.822617325,0.822617325,0.822617325,0.822617325,0.822617325,0.822617325,0.822617325,0.822617325,0.822617325,0.822617325,0.822617325,0.822617325,0.822617325,0.822617325,0.822617325,0.825244314,0.822617325,0.822617325,0.822617325,4.55973888,0.822617325,0.822617325,0.822617325,0.822617325,0.822617325,0.822617325,0.822617325,0.822617325,0.822617325,0.822617325,0.822617325,2.292268807,0.822617325,0.822617325,0.822617325,0.822617325,0.822617325,0.822617325,0.822617325,3.184679917,0.822617325,0.822617325,0.822617325,5.668872656,0.822617325,0.822617325,0.822617325,0.822617325,0.822617325,0.822617325,0.822617325,0.822617325,0.822617325,3.568037126,0.822617325,0.822617325,1.226143232,0.822617325,0.695234091,0.822617325,0.822617325,1.911272409,0.822617325,0.822617325,0.822617325,0.822617325,0.822617325,0.822617325,0.822617325,0.822617325,2.749986286,3.595746782,4.507876994,2.888565015,0.822617325,0.822617325,0.822617325,3.128760089,0.822617325,7.71267653,0.822617325,0.822617325,0.822617325,0.822617325,2.975458336,0.822617325,0.822617325,0.822617325,0.822617325,6.007190007,2.012871045,5.394941327,0.822617325,0.822617325,0.822617325,0.822617325,0.822617325,4.515594719,0.822617325,0.822617325,0.822617325,0.822617325,0.822617325,0.822617325,0.822617325,0.822617325,0.822617325,0.822617325,0.822617325,4.076367289,0.822617325,0.822617325,0.822617325,0.822617325,0.822617325,0.822617325,0.822617325,0.822617325,0.822617325,0.822617325,0.822617325,2.475792418,0.822617325,0.822617325,0.822617325,0.822617325,0.822617325,0.822617325,0.822617325,0.822617325,0.822617325,0.822617325,0.822617325,0.822617325,0.822617325,0.822617325,0.822617325,0.822617325,0.822617325,0.822617325,0.822617325,0.822617325,0.822617325,0.822617325,0.822617325,0.822617325,0.822617325,0.822617325,0.822617325,0.822617325,0.822617325,0.822617325,0.822617325,0.822617325,0.822617325,0.822617325,0.822617325,0.822617325,0.822617325,0.822617325,0.822617325,0.822617325,0.822617325,0.822617325,0.822617325,0.822617325,0.822617325,0.822617325,0.822617325,0.822617325,1.474601541,3.067418283,4.755881937,3.162204505,2.431704959,2.104028941,3.309060399,4.160066354,4.694882596,4.370547241,4.349748503,4.291333394,4.152016434,4.629655249,9.217177915,2.545140847,4.0749474,0.822617325,0.822617325,4.032568575,0.822617325,4.094970245,7.218750572,4.177158858,3.871938849,2.888010541,2.81091935,0.822617325,4.718260035,2.641356811,3.481428212,1.457128057,2.25735419,1.778678687,0.90622854,3.348780981,2.734508808,2.643632038,2.010897148,0.822617325,0.822617325,0.822617325,0.822617325,0.822617325,0.822617325,0.822617325,0.822617325,3.121728554,2.629732221,0.822617325,0.822617325,3.779411246,0.822617325,4.686649947,2.271961821,0.822617325,2.97260485,0.822617325,2.813162857,2.621579714,5.141376913,0.822617325,2.654344477,2.486795652,3.80244873
SOCS3,1.423760755,61.17491725,1.423760755,1.423760755,1.423760755,1.423760755,1.423760755,1.423760755,1.423760755,1.423760755,1.423760755,1.423760755,1.423760755,1.423760755,1.423760755,1.423760755,1.423760755,1.423760755,1.423760755,1.423760755,1.423760755,1.423760755,1.423760755,1.423760755,1.423760755,1.423760755,1.423760755,1.423760755,1.423760755,1.423760755,1.423760755,1.423760755,1.423760755,1.423760755,1.423760755,1.423760755,1.423760755,1.423760755,1.423760755,1.423760755,1.423760755,1.423760755,1.423760755,1.423760755,1.423760755,1.423760755,1.423760755,1.423760755,1.423760755,1.423760755,17.96940435,1.423760755,1.423760755,1.423760755,5.571963071,1.423760755,1.423760755,1.423760755,1.423760755,1.423760755,1.423760755,1.423760755,1.423760755,1.423760755,1.423760755,1.423760755,43.52457286,1.423760755,1.423760755,1.423760755,1.423760755,1.423760755,1.423760755,1.423760755,10.96629364,1.423760755,1.423760755,1.423760755,6.408652226,1.423760755,1.423760755,1.423760755,1.423760755,1.423760755,1.423760755,1.423760755,1.423760755,1.423760755,46.46396862,1.423760755,1.423760755,7.366992808,1.423760755,30.1171546,1.423760755,1.423760755,28.0474587,1.423760755,1.423760755,1.423760755,1.423760755,1.423760755,1.423760755,1.423760755,1.423760755,6.942931157,37.55782836,122.8315791,132.8353477,1.423760755,1.423760755,1.423760755,36.91344711,1.423760755,119.5681754,1.423760755,1.423760755,1.423760755,1.423760755,46.128961,1.423760755,1.423760755,1.423760755,1.423760755,30.0532868,18.47228532,53.31342425,1.423760755,1.423760755,1.423760755,1.423760755,1.423760755,53.18252037,1.423760755,1.423760755,1.423760755,1.423760755,1.423760755,1.423760755,1.423760755,1.423760755,1.423760755,1.423760755,1.423760755,31.15437035,1.423760755,1.423760755,1.423760755,1.423760755,1.423760755,1.423760755,1.423760755,1.423760755,1.423760755,1.423760755,1.423760755,3.003577623,1.423760755,1.423760755,1.423760755,1.423760755,1.423760755,1.423760755,1.423760755,1.423760755,1.423760755,1.423760755,1.423760755,1.423760755,1.423760755,1.423760755,1.423760755,1.423760755,1.423760755,1.423760755,1.423760755,1.423760755,1.423760755,1.423760755,1.423760755,1.423760755,1.423760755,1.423760755,1.423760755,1.423760755,1.423760755,1.423760755,1.423760755,1.423760755,1.423760755,1.423760755,1.423760755,1.423760755,1.423760755,1.423760755,1.423760755,1.423760755,1.423760755,1.423760755,1.423760755,1.423760755,1.423760755,1.423760755,1.423760755,1.423760755,144.4846188,28.48801179,71.54384049,17.78851379,25.57454085,22.12099519,56.80028436,52.06630262,54.71201766,63.37835752,64.94660117,50.77111333,71.51951081,27.35211193,29.9896003,108.2527888,68.91428704,1.423760755,1.423760755,19.88711169,1.423760755,11.51901855,28.74448246,89.99783217,35.93863241,26.72159234,71.18920113,1.423760755,39.0212857,43.27919662,23.90154843,21.34962442,14.6510969,9.692372094,37.94076822,24.42082734,48.35580766,39.17075216,43.81118541,1.423760755,1.423760755,1.423760755,1.423760755,1.423760755,1.423760755,1.423760755,1.423760755,23.00910417,16.41127494,1.423760755,1.423760755,52.36104324,1.423760755,19.70770982,24.42910405,1.423760755,21.07847075,1.423760755,36.63568154,48.26790886,51.96959366,1.423760755,85.88838733,80.3753078,37.97471703
